,mean_fit_time,std_fit_time,mean_score_time,std_score_time,param_activation,param_hidden_layer_sizes,param_is_classifier,param_learning_rate_init,param_max_attempts,param_restarts,params,split0_test_score,split1_test_score,split2_test_score,split3_test_score,mean_test_score,std_test_score,rank_test_score,split0_train_score,split1_train_score,split2_train_score,split3_train_score,mean_train_score,std_train_score
0,0.7088664770126343,0.003664818919067394,0.0012469887733459473,0.00043191466454364574,sigmoid,"[5, 5]",True,0.001,10,0,"{'activation': <function sigmoid at 0x000001DAE6771C10>, 'hidden_layer_sizes': [5, 5], 'is_classifier': True, 'learning_rate_init': 0.001, 'max_attempts': 10, 'restarts': 0}",0.5075,0.5475,0.5225,0.5125,0.5225,0.015411035007422455,25,0.5266666666666666,0.5141666666666667,0.5225,0.5266666666666666,0.5225,0.00510310363079827
1,0.7268179059028625,0.01999635327650053,0.0017454028129577637,0.0004316393186756221,sigmoid,"[5, 5]",True,0.001,100,0,"{'activation': <function sigmoid at 0x000001DAE6771C10>, 'hidden_layer_sizes': [5, 5], 'is_classifier': True, 'learning_rate_init': 0.001, 'max_attempts': 100, 'restarts': 0}",0.5075,0.5475,0.5225,0.5125,0.5225,0.015411035007422455,25,0.5266666666666666,0.5141666666666667,0.5225,0.5266666666666666,0.5225,0.00510310363079827
2,0.7063725590705872,0.024127380866522587,0.001247107982635498,0.0004317080563946496,sigmoid,"[5, 5]",True,0.001,200,0,"{'activation': <function sigmoid at 0x000001DAE6771C10>, 'hidden_layer_sizes': [5, 5], 'is_classifier': True, 'learning_rate_init': 0.001, 'max_attempts': 200, 'restarts': 0}",0.5075,0.5475,0.5225,0.5125,0.5225,0.015411035007422455,25,0.5266666666666666,0.5141666666666667,0.5225,0.5266666666666666,0.5225,0.00510310363079827
3,0.7098636627197266,0.01139309108492375,0.0009973645210266113,3.097148193542142e-07,sigmoid,"[5, 5]",True,0.001,300,0,"{'activation': <function sigmoid at 0x000001DAE6771C10>, 'hidden_layer_sizes': [5, 5], 'is_classifier': True, 'learning_rate_init': 0.001, 'max_attempts': 300, 'restarts': 0}",0.5075,0.5475,0.5225,0.5125,0.5225,0.015411035007422455,25,0.5266666666666666,0.5141666666666667,0.5225,0.5266666666666666,0.5225,0.00510310363079827
4,0.43359851837158203,0.0033361808478114324,0.0012465119361877441,0.0004321899007523934,sigmoid,"[5, 5]",True,0.001,400,0,"{'activation': <function sigmoid at 0x000001DAE6771C10>, 'hidden_layer_sizes': [5, 5], 'is_classifier': True, 'learning_rate_init': 0.001, 'max_attempts': 400, 'restarts': 0}",0.5075,0.5475,0.5225,0.5125,0.5225,0.015411035007422455,25,0.5266666666666666,0.5141666666666667,0.5225,0.5266666666666666,0.5225,0.00510310363079827
5,0.4566681981086731,0.020247182614483557,0.0014960169792175293,0.0004989504885351681,sigmoid,"[5, 5]",True,0.001,500,0,"{'activation': <function sigmoid at 0x000001DAE6771C10>, 'hidden_layer_sizes': [5, 5], 'is_classifier': True, 'learning_rate_init': 0.001, 'max_attempts': 500, 'restarts': 0}",0.5075,0.5475,0.5225,0.5125,0.5225,0.015411035007422455,25,0.5266666666666666,0.5141666666666667,0.5225,0.5266666666666666,0.5225,0.00510310363079827
6,0.4478182792663574,0.01985956439136121,0.0017455220222473145,0.00043170808931239103,sigmoid,"[5, 5]",True,0.01,10,0,"{'activation': <function sigmoid at 0x000001DAE6771C10>, 'hidden_layer_sizes': [5, 5], 'is_classifier': True, 'learning_rate_init': 0.01, 'max_attempts': 10, 'restarts': 0}",0.5425,0.57,0.55,0.5675,0.5575,0.011592023119369617,19,0.5583333333333333,0.5533333333333333,0.5591666666666667,0.555,0.5564583333333334,0.0023844839879707514
7,0.440588116645813,0.019253581775391854,0.0009974837303161621,3.5262583393452264e-07,sigmoid,"[5, 5]",True,0.01,100,0,"{'activation': <function sigmoid at 0x000001DAE6771C10>, 'hidden_layer_sizes': [5, 5], 'is_classifier': True, 'learning_rate_init': 0.01, 'max_attempts': 100, 'restarts': 0}",0.5425,0.57,0.55,0.5675,0.5575,0.011592023119369617,19,0.5583333333333333,0.5533333333333333,0.5591666666666667,0.555,0.5564583333333334,0.0023844839879707514
8,0.4625282883644104,0.01254373885045513,0.001994609832763672,0.0012214440931867412,sigmoid,"[5, 5]",True,0.01,200,0,"{'activation': <function sigmoid at 0x000001DAE6771C10>, 'hidden_layer_sizes': [5, 5], 'is_classifier': True, 'learning_rate_init': 0.01, 'max_attempts': 200, 'restarts': 0}",0.5425,0.57,0.55,0.5675,0.5575,0.011592023119369617,19,0.5583333333333333,0.5533333333333333,0.5591666666666667,0.555,0.5564583333333334,0.0023844839879707514
9,0.46775585412979126,0.015001532212258202,0.0009972453117370605,3.5262583393452264e-07,sigmoid,"[5, 5]",True,0.01,300,0,"{'activation': <function sigmoid at 0x000001DAE6771C10>, 'hidden_layer_sizes': [5, 5], 'is_classifier': True, 'learning_rate_init': 0.01, 'max_attempts': 300, 'restarts': 0}",0.5425,0.57,0.55,0.5675,0.5575,0.011592023119369617,19,0.5583333333333333,0.5533333333333333,0.5591666666666667,0.555,0.5564583333333334,0.0023844839879707514
10,0.45778244733810425,0.021091834953417314,0.0009977221488952637,7.79431869424702e-07,sigmoid,"[5, 5]",True,0.01,400,0,"{'activation': <function sigmoid at 0x000001DAE6771C10>, 'hidden_layer_sizes': [5, 5], 'is_classifier': True, 'learning_rate_init': 0.01, 'max_attempts': 400, 'restarts': 0}",0.5425,0.57,0.55,0.5675,0.5575,0.011592023119369617,19,0.5583333333333333,0.5533333333333333,0.5591666666666667,0.555,0.5564583333333334,0.0023844839879707514
11,0.4540424942970276,0.009907702856454237,0.0012466907501220703,0.000431673709478547,sigmoid,"[5, 5]",True,0.01,500,0,"{'activation': <function sigmoid at 0x000001DAE6771C10>, 'hidden_layer_sizes': [5, 5], 'is_classifier': True, 'learning_rate_init': 0.01, 'max_attempts': 500, 'restarts': 0}",0.5425,0.57,0.55,0.5675,0.5575,0.011592023119369617,19,0.5583333333333333,0.5533333333333333,0.5591666666666667,0.555,0.5564583333333334,0.0023844839879707514
12,0.4505523443222046,0.022069520063921464,0.0009974241256713867,1.1920928955078125e-07,sigmoid,"[5, 5]",True,0.03,10,0,"{'activation': <function sigmoid at 0x000001DAE6771C10>, 'hidden_layer_sizes': [5, 5], 'is_classifier': True, 'learning_rate_init': 0.03, 'max_attempts': 10, 'restarts': 0}",0.68,0.7075,0.67,0.7175,0.6937500000000001,0.01940521837032502,13,0.695,0.685,0.6975,0.6941666666666667,0.6929166666666666,0.004732423621500205
13,0.4630194306373596,0.007375870539746446,0.0009971261024475098,5.430241572346866e-07,sigmoid,"[5, 5]",True,0.03,100,0,"{'activation': <function sigmoid at 0x000001DAE6771C10>, 'hidden_layer_sizes': [5, 5], 'is_classifier': True, 'learning_rate_init': 0.03, 'max_attempts': 100, 'restarts': 0}",0.68,0.7075,0.67,0.7175,0.6937500000000001,0.01940521837032502,13,0.695,0.685,0.6975,0.6941666666666667,0.6929166666666666,0.004732423621500205
14,0.49170684814453125,0.010438251646642428,0.0012468695640563965,0.00043170808931239103,sigmoid,"[5, 5]",True,0.03,200,0,"{'activation': <function sigmoid at 0x000001DAE6771C10>, 'hidden_layer_sizes': [5, 5], 'is_classifier': True, 'learning_rate_init': 0.03, 'max_attempts': 200, 'restarts': 0}",0.68,0.7075,0.67,0.7175,0.6937500000000001,0.01940521837032502,13,0.695,0.685,0.6975,0.6941666666666667,0.6929166666666666,0.004732423621500205
15,0.4687652587890625,0.008065256368149825,0.0014955401420593262,0.0004988313362239141,sigmoid,"[5, 5]",True,0.03,300,0,"{'activation': <function sigmoid at 0x000001DAE6771C10>, 'hidden_layer_sizes': [5, 5], 'is_classifier': True, 'learning_rate_init': 0.03, 'max_attempts': 300, 'restarts': 0}",0.68,0.7075,0.67,0.7175,0.6937500000000001,0.01940521837032502,13,0.695,0.685,0.6975,0.6941666666666667,0.6929166666666666,0.004732423621500205
16,0.472074031829834,0.019512230632633284,0.0012465119361877441,0.0004316393186756221,sigmoid,"[5, 5]",True,0.03,400,0,"{'activation': <function sigmoid at 0x000001DAE6771C10>, 'hidden_layer_sizes': [5, 5], 'is_classifier': True, 'learning_rate_init': 0.03, 'max_attempts': 400, 'restarts': 0}",0.68,0.7075,0.67,0.7175,0.6937500000000001,0.01940521837032502,13,0.695,0.685,0.6975,0.6941666666666667,0.6929166666666666,0.004732423621500205
17,0.48603713512420654,0.024075525876583324,0.0014960765838623047,0.0008637603719761185,sigmoid,"[5, 5]",True,0.03,500,0,"{'activation': <function sigmoid at 0x000001DAE6771C10>, 'hidden_layer_sizes': [5, 5], 'is_classifier': True, 'learning_rate_init': 0.03, 'max_attempts': 500, 'restarts': 0}",0.68,0.7075,0.67,0.7175,0.6937500000000001,0.01940521837032502,13,0.695,0.685,0.6975,0.6941666666666667,0.6929166666666666,0.004732423621500205
18,0.4922625422477722,0.007101500044197728,0.0009972453117370605,3.097148193542142e-07,sigmoid,"[5, 5]",True,0.05,10,0,"{'activation': <function sigmoid at 0x000001DAE6771C10>, 'hidden_layer_sizes': [5, 5], 'is_classifier': True, 'learning_rate_init': 0.05, 'max_attempts': 10, 'restarts': 0}",0.755,0.75,0.72,0.7525,0.7443749999999999,0.014183507147387775,1,0.7408333333333333,0.7441666666666666,0.7541666666666667,0.7416666666666667,0.7452083333333334,0.005315562842572102
19,0.5022149085998535,0.017621448184711706,0.0012466907501220703,0.00043222424774713573,sigmoid,"[5, 5]",True,0.05,100,0,"{'activation': <function sigmoid at 0x000001DAE6771C10>, 'hidden_layer_sizes': [5, 5], 'is_classifier': True, 'learning_rate_init': 0.05, 'max_attempts': 100, 'restarts': 0}",0.755,0.75,0.72,0.7525,0.7443749999999999,0.014183507147387775,1,0.7408333333333333,0.7441666666666666,0.7541666666666667,0.7416666666666667,0.7452083333333334,0.005315562842572102
20,0.4639955163002014,0.014740564234491705,0.0009952783584594727,3.2406514213247745e-06,sigmoid,"[5, 5]",True,0.05,200,0,"{'activation': <function sigmoid at 0x000001DAE6771C10>, 'hidden_layer_sizes': [5, 5], 'is_classifier': True, 'learning_rate_init': 0.05, 'max_attempts': 200, 'restarts': 0}",0.755,0.75,0.72,0.7525,0.7443749999999999,0.014183507147387775,1,0.7408333333333333,0.7441666666666666,0.7541666666666667,0.7416666666666667,0.7452083333333334,0.005315562842572102
21,0.45388513803482056,0.017194413992056394,0.0010001659393310547,9.499417215889232e-06,sigmoid,"[5, 5]",True,0.05,300,0,"{'activation': <function sigmoid at 0x000001DAE6771C10>, 'hidden_layer_sizes': [5, 5], 'is_classifier': True, 'learning_rate_init': 0.05, 'max_attempts': 300, 'restarts': 0}",0.755,0.75,0.72,0.7525,0.7443749999999999,0.014183507147387775,1,0.7408333333333333,0.7441666666666666,0.7541666666666667,0.7416666666666667,0.7452083333333334,0.005315562842572102
22,0.4579960107803345,0.008061711959718967,0.0014789104461669922,0.0005162784638145149,sigmoid,"[5, 5]",True,0.05,400,0,"{'activation': <function sigmoid at 0x000001DAE6771C10>, 'hidden_layer_sizes': [5, 5], 'is_classifier': True, 'learning_rate_init': 0.05, 'max_attempts': 400, 'restarts': 0}",0.755,0.75,0.72,0.7525,0.7443749999999999,0.014183507147387775,1,0.7408333333333333,0.7441666666666666,0.7541666666666667,0.7416666666666667,0.7452083333333334,0.005315562842572102
23,0.4611513018608093,0.007661255042987027,0.000876009464263916,0.00021036534548114313,sigmoid,"[5, 5]",True,0.05,500,0,"{'activation': <function sigmoid at 0x000001DAE6771C10>, 'hidden_layer_sizes': [5, 5], 'is_classifier': True, 'learning_rate_init': 0.05, 'max_attempts': 500, 'restarts': 0}",0.755,0.75,0.72,0.7525,0.7443749999999999,0.014183507147387775,1,0.7408333333333333,0.7441666666666666,0.7541666666666667,0.7416666666666667,0.7452083333333334,0.005315562842572102
24,0.5099957585334778,0.021819652353397747,0.001130223274230957,0.00023590132907317724,sigmoid,"[5, 5]",True,0.1,10,0,"{'activation': <function sigmoid at 0x000001DAE6771C10>, 'hidden_layer_sizes': [5, 5], 'is_classifier': True, 'learning_rate_init': 0.1, 'max_attempts': 10, 'restarts': 0}",0.78,0.725,0.725,0.715,0.73625,0.025586861863073424,7,0.7566666666666667,0.7283333333333334,0.7291666666666666,0.7316666666666667,0.7364583333333334,0.011731590187750919
25,0.49526673555374146,0.019290636440711505,0.0027509331703186035,0.0030373732380854445,sigmoid,"[5, 5]",True,0.1,100,0,"{'activation': <function sigmoid at 0x000001DAE6771C10>, 'hidden_layer_sizes': [5, 5], 'is_classifier': True, 'learning_rate_init': 0.1, 'max_attempts': 100, 'restarts': 0}",0.78,0.725,0.725,0.715,0.73625,0.025586861863073424,7,0.7566666666666667,0.7283333333333334,0.7291666666666666,0.7316666666666667,0.7364583333333334,0.011731590187750919
26,0.5146499872207642,0.02839291221461034,0.0013886094093322754,0.0009576646409207559,sigmoid,"[5, 5]",True,0.1,200,0,"{'activation': <function sigmoid at 0x000001DAE6771C10>, 'hidden_layer_sizes': [5, 5], 'is_classifier': True, 'learning_rate_init': 0.1, 'max_attempts': 200, 'restarts': 0}",0.78,0.725,0.725,0.715,0.73625,0.025586861863073424,7,0.7566666666666667,0.7283333333333334,0.7291666666666666,0.7316666666666667,0.7364583333333334,0.011731590187750919
27,0.5003015995025635,0.006657643078374348,0.0011249184608459473,0.00022393200095759117,sigmoid,"[5, 5]",True,0.1,300,0,"{'activation': <function sigmoid at 0x000001DAE6771C10>, 'hidden_layer_sizes': [5, 5], 'is_classifier': True, 'learning_rate_init': 0.1, 'max_attempts': 300, 'restarts': 0}",0.78,0.725,0.725,0.715,0.73625,0.025586861863073424,7,0.7566666666666667,0.7283333333333334,0.7291666666666666,0.7316666666666667,0.7364583333333334,0.011731590187750919
28,0.4908946752548218,0.023074653477766407,0.00149613618850708,0.0004987120984545787,sigmoid,"[5, 5]",True,0.1,400,0,"{'activation': <function sigmoid at 0x000001DAE6771C10>, 'hidden_layer_sizes': [5, 5], 'is_classifier': True, 'learning_rate_init': 0.1, 'max_attempts': 400, 'restarts': 0}",0.78,0.725,0.725,0.715,0.73625,0.025586861863073424,7,0.7566666666666667,0.7283333333333334,0.7291666666666666,0.7316666666666667,0.7364583333333334,0.011731590187750919
29,0.4950404763221741,0.01036411731583887,0.0009970664978027344,1.6858739404357614e-07,sigmoid,"[5, 5]",True,0.1,500,0,"{'activation': <function sigmoid at 0x000001DAE6771C10>, 'hidden_layer_sizes': [5, 5], 'is_classifier': True, 'learning_rate_init': 0.1, 'max_attempts': 500, 'restarts': 0}",0.78,0.725,0.725,0.715,0.73625,0.025586861863073424,7,0.7566666666666667,0.7283333333333334,0.7291666666666666,0.7316666666666667,0.7364583333333334,0.011731590187750919
30,0.5971810817718506,0.006573380998156887,0.0009958148002624512,2.4568395430475413e-06,sigmoid,"[10, 10]",True,0.001,10,0,"{'activation': <function sigmoid at 0x000001DAE6771C10>, 'hidden_layer_sizes': [10, 10], 'is_classifier': True, 'learning_rate_init': 0.001, 'max_attempts': 10, 'restarts': 0}",0.4775,0.5075,0.505,0.5075,0.4993749999999999,0.012670709332945802,67,0.5066666666666667,0.49666666666666665,0.4975,0.49666666666666665,0.499375,0.004223569777648628
31,0.5861774682998657,0.01955477305875708,0.0012465715408325195,0.0004320177712061375,sigmoid,"[10, 10]",True,0.001,100,0,"{'activation': <function sigmoid at 0x000001DAE6771C10>, 'hidden_layer_sizes': [10, 10], 'is_classifier': True, 'learning_rate_init': 0.001, 'max_attempts': 100, 'restarts': 0}",0.4775,0.5075,0.505,0.5075,0.4993749999999999,0.012670709332945802,67,0.5066666666666667,0.49666666666666665,0.4975,0.49666666666666665,0.499375,0.004223569777648628
32,0.5725580453872681,0.015616849531577276,0.003259599208831787,0.0027660622758786443,sigmoid,"[10, 10]",True,0.001,200,0,"{'activation': <function sigmoid at 0x000001DAE6771C10>, 'hidden_layer_sizes': [10, 10], 'is_classifier': True, 'learning_rate_init': 0.001, 'max_attempts': 200, 'restarts': 0}",0.4775,0.5075,0.505,0.5075,0.4993749999999999,0.012670709332945802,67,0.5066666666666667,0.49666666666666665,0.4975,0.49666666666666665,0.499375,0.004223569777648628
33,0.5739094614982605,0.017135098865824046,0.0010004639625549316,1.3848174308116296e-05,sigmoid,"[10, 10]",True,0.001,300,0,"{'activation': <function sigmoid at 0x000001DAE6771C10>, 'hidden_layer_sizes': [10, 10], 'is_classifier': True, 'learning_rate_init': 0.001, 'max_attempts': 300, 'restarts': 0}",0.4775,0.5075,0.505,0.5075,0.4993749999999999,0.012670709332945802,67,0.5066666666666667,0.49666666666666665,0.4975,0.49666666666666665,0.499375,0.004223569777648628
34,0.5866062641143799,0.013684666446449884,0.0013940930366516113,0.00043135941547427274,sigmoid,"[10, 10]",True,0.001,400,0,"{'activation': <function sigmoid at 0x000001DAE6771C10>, 'hidden_layer_sizes': [10, 10], 'is_classifier': True, 'learning_rate_init': 0.001, 'max_attempts': 400, 'restarts': 0}",0.4775,0.5075,0.505,0.5075,0.4993749999999999,0.012670709332945802,67,0.5066666666666667,0.49666666666666665,0.4975,0.49666666666666665,0.499375,0.004223569777648628
35,0.5674908757209778,0.013961980216173037,0.001002967357635498,1.4706170310348663e-05,sigmoid,"[10, 10]",True,0.001,500,0,"{'activation': <function sigmoid at 0x000001DAE6771C10>, 'hidden_layer_sizes': [10, 10], 'is_classifier': True, 'learning_rate_init': 0.001, 'max_attempts': 500, 'restarts': 0}",0.4775,0.5075,0.505,0.5075,0.4993749999999999,0.012670709332945802,67,0.5066666666666667,0.49666666666666665,0.4975,0.49666666666666665,0.499375,0.004223569777648628
36,0.563454806804657,0.017256720778201964,0.0013713836669921875,0.00041552004884307813,sigmoid,"[10, 10]",True,0.01,10,0,"{'activation': <function sigmoid at 0x000001DAE6771C10>, 'hidden_layer_sizes': [10, 10], 'is_classifier': True, 'learning_rate_init': 0.01, 'max_attempts': 10, 'restarts': 0}",0.4775,0.5075,0.505,0.5075,0.4993749999999999,0.012670709332945802,67,0.5066666666666667,0.49666666666666665,0.4975,0.49666666666666665,0.499375,0.004223569777648628
37,0.5588187575340271,0.017185615568411524,0.0014963746070861816,0.0004988313077356173,sigmoid,"[10, 10]",True,0.01,100,0,"{'activation': <function sigmoid at 0x000001DAE6771C10>, 'hidden_layer_sizes': [10, 10], 'is_classifier': True, 'learning_rate_init': 0.01, 'max_attempts': 100, 'restarts': 0}",0.4775,0.5075,0.505,0.5075,0.4993749999999999,0.012670709332945802,67,0.5066666666666667,0.49666666666666665,0.4975,0.49666666666666665,0.499375,0.004223569777648628
38,0.56913161277771,0.0139902427539679,0.001993536949157715,0.0012224191554176455,sigmoid,"[10, 10]",True,0.01,200,0,"{'activation': <function sigmoid at 0x000001DAE6771C10>, 'hidden_layer_sizes': [10, 10], 'is_classifier': True, 'learning_rate_init': 0.01, 'max_attempts': 200, 'restarts': 0}",0.4775,0.5075,0.505,0.5075,0.4993749999999999,0.012670709332945802,67,0.5066666666666667,0.49666666666666665,0.4975,0.49666666666666665,0.499375,0.004223569777648628
39,0.558740496635437,0.007066871283677613,0.001373291015625,0.000413785558322522,sigmoid,"[10, 10]",True,0.01,300,0,"{'activation': <function sigmoid at 0x000001DAE6771C10>, 'hidden_layer_sizes': [10, 10], 'is_classifier': True, 'learning_rate_init': 0.01, 'max_attempts': 300, 'restarts': 0}",0.4775,0.5075,0.505,0.5075,0.4993749999999999,0.012670709332945802,67,0.5066666666666667,0.49666666666666665,0.4975,0.49666666666666665,0.499375,0.004223569777648628
40,0.5646921396255493,0.016225687857249895,0.0014740228652954102,0.000521490394351587,sigmoid,"[10, 10]",True,0.01,400,0,"{'activation': <function sigmoid at 0x000001DAE6771C10>, 'hidden_layer_sizes': [10, 10], 'is_classifier': True, 'learning_rate_init': 0.01, 'max_attempts': 400, 'restarts': 0}",0.4775,0.5075,0.505,0.5075,0.4993749999999999,0.012670709332945802,67,0.5066666666666667,0.49666666666666665,0.4975,0.49666666666666665,0.499375,0.004223569777648628
41,0.5824158787727356,0.026025110742526107,0.0008817911148071289,0.000214217899236392,sigmoid,"[10, 10]",True,0.01,500,0,"{'activation': <function sigmoid at 0x000001DAE6771C10>, 'hidden_layer_sizes': [10, 10], 'is_classifier': True, 'learning_rate_init': 0.01, 'max_attempts': 500, 'restarts': 0}",0.4775,0.5075,0.505,0.5075,0.4993749999999999,0.012670709332945802,67,0.5066666666666667,0.49666666666666665,0.4975,0.49666666666666665,0.499375,0.004223569777648628
42,0.6043177843093872,0.017503423490661113,0.0014926791191101074,0.0004988436999911178,sigmoid,"[10, 10]",True,0.03,10,0,"{'activation': <function sigmoid at 0x000001DAE6771C10>, 'hidden_layer_sizes': [10, 10], 'is_classifier': True, 'learning_rate_init': 0.03, 'max_attempts': 10, 'restarts': 0}",0.4775,0.5075,0.505,0.5075,0.4993749999999999,0.012670709332945802,67,0.5066666666666667,0.49666666666666665,0.4975,0.49666666666666665,0.499375,0.004223569777648628
43,0.5973212718963623,0.0183071595968265,0.0012609362602233887,0.0004243948276006311,sigmoid,"[10, 10]",True,0.03,100,0,"{'activation': <function sigmoid at 0x000001DAE6771C10>, 'hidden_layer_sizes': [10, 10], 'is_classifier': True, 'learning_rate_init': 0.03, 'max_attempts': 100, 'restarts': 0}",0.4775,0.5075,0.505,0.5075,0.4993749999999999,0.012670709332945802,67,0.5066666666666667,0.49666666666666665,0.4975,0.49666666666666665,0.499375,0.004223569777648628
44,0.5615032911300659,0.006251562766218241,0.0009962916374206543,1.7631291696726131e-06,sigmoid,"[10, 10]",True,0.03,200,0,"{'activation': <function sigmoid at 0x000001DAE6771C10>, 'hidden_layer_sizes': [10, 10], 'is_classifier': True, 'learning_rate_init': 0.03, 'max_attempts': 200, 'restarts': 0}",0.4775,0.5075,0.505,0.5075,0.4993749999999999,0.012670709332945802,67,0.5066666666666667,0.49666666666666665,0.4975,0.49666666666666665,0.499375,0.004223569777648628
45,0.5495108962059021,0.020657523699729327,0.0010025501251220703,1.2430962721089087e-05,sigmoid,"[10, 10]",True,0.03,300,0,"{'activation': <function sigmoid at 0x000001DAE6771C10>, 'hidden_layer_sizes': [10, 10], 'is_classifier': True, 'learning_rate_init': 0.03, 'max_attempts': 300, 'restarts': 0}",0.4775,0.5075,0.505,0.5075,0.4993749999999999,0.012670709332945802,67,0.5066666666666667,0.49666666666666665,0.4975,0.49666666666666665,0.499375,0.004223569777648628
46,0.5465261936187744,0.015518650472532505,0.0009970664978027344,2.384185791015625e-07,sigmoid,"[10, 10]",True,0.03,400,0,"{'activation': <function sigmoid at 0x000001DAE6771C10>, 'hidden_layer_sizes': [10, 10], 'is_classifier': True, 'learning_rate_init': 0.03, 'max_attempts': 400, 'restarts': 0}",0.4775,0.5075,0.505,0.5075,0.4993749999999999,0.012670709332945802,67,0.5066666666666667,0.49666666666666665,0.4975,0.49666666666666665,0.499375,0.004223569777648628
47,0.5434513092041016,0.005843939947579262,0.0014955997467041016,0.0004984141108921806,sigmoid,"[10, 10]",True,0.03,500,0,"{'activation': <function sigmoid at 0x000001DAE6771C10>, 'hidden_layer_sizes': [10, 10], 'is_classifier': True, 'learning_rate_init': 0.03, 'max_attempts': 500, 'restarts': 0}",0.4775,0.5075,0.505,0.5075,0.4993749999999999,0.012670709332945802,67,0.5066666666666667,0.49666666666666665,0.4975,0.49666666666666665,0.499375,0.004223569777648628
48,0.5465986728668213,0.010239304390087713,0.000997304916381836,1.6858739404357614e-07,sigmoid,"[10, 10]",True,0.05,10,0,"{'activation': <function sigmoid at 0x000001DAE6771C10>, 'hidden_layer_sizes': [10, 10], 'is_classifier': True, 'learning_rate_init': 0.05, 'max_attempts': 10, 'restarts': 0}",0.4775,0.5075,0.505,0.5075,0.4993749999999999,0.012670709332945802,67,0.5066666666666667,0.49666666666666665,0.4975,0.49666666666666665,0.499375,0.004223569777648628
49,0.5465850830078125,0.013208861186578236,0.0012453794479370117,0.0004328494556542531,sigmoid,"[10, 10]",True,0.05,100,0,"{'activation': <function sigmoid at 0x000001DAE6771C10>, 'hidden_layer_sizes': [10, 10], 'is_classifier': True, 'learning_rate_init': 0.05, 'max_attempts': 100, 'restarts': 0}",0.4775,0.5075,0.505,0.5075,0.4993749999999999,0.012670709332945802,67,0.5066666666666667,0.49666666666666665,0.4975,0.49666666666666665,0.499375,0.004223569777648628
50,0.5350760221481323,0.0145040170019793,0.001247107982635498,0.0004317088464197511,sigmoid,"[10, 10]",True,0.05,200,0,"{'activation': <function sigmoid at 0x000001DAE6771C10>, 'hidden_layer_sizes': [10, 10], 'is_classifier': True, 'learning_rate_init': 0.05, 'max_attempts': 200, 'restarts': 0}",0.4775,0.5075,0.505,0.5075,0.4993749999999999,0.012670709332945802,67,0.5066666666666667,0.49666666666666665,0.4975,0.49666666666666665,0.499375,0.004223569777648628
51,0.5344586372375488,0.017512452787397898,0.0009975433349609375,2.9200193199910854e-07,sigmoid,"[10, 10]",True,0.05,300,0,"{'activation': <function sigmoid at 0x000001DAE6771C10>, 'hidden_layer_sizes': [10, 10], 'is_classifier': True, 'learning_rate_init': 0.05, 'max_attempts': 300, 'restarts': 0}",0.4775,0.5075,0.505,0.5075,0.4993749999999999,0.012670709332945802,67,0.5066666666666667,0.49666666666666665,0.4975,0.49666666666666665,0.499375,0.004223569777648628
52,0.5373361706733704,0.010397578500332842,0.0012466907501220703,0.0004316738411599743,sigmoid,"[10, 10]",True,0.05,400,0,"{'activation': <function sigmoid at 0x000001DAE6771C10>, 'hidden_layer_sizes': [10, 10], 'is_classifier': True, 'learning_rate_init': 0.05, 'max_attempts': 400, 'restarts': 0}",0.4775,0.5075,0.505,0.5075,0.4993749999999999,0.012670709332945802,67,0.5066666666666667,0.49666666666666665,0.4975,0.49666666666666665,0.499375,0.004223569777648628
53,0.5419468283653259,0.01305284568804327,0.0009974241256713867,2.6656007498500226e-07,sigmoid,"[10, 10]",True,0.05,500,0,"{'activation': <function sigmoid at 0x000001DAE6771C10>, 'hidden_layer_sizes': [10, 10], 'is_classifier': True, 'learning_rate_init': 0.05, 'max_attempts': 500, 'restarts': 0}",0.4775,0.5075,0.505,0.5075,0.4993749999999999,0.012670709332945802,67,0.5066666666666667,0.49666666666666665,0.4975,0.49666666666666665,0.499375,0.004223569777648628
54,0.5418258309364319,0.01860994367779101,0.0009974241256713867,2.0647654623614278e-07,sigmoid,"[10, 10]",True,0.1,10,0,"{'activation': <function sigmoid at 0x000001DAE6771C10>, 'hidden_layer_sizes': [10, 10], 'is_classifier': True, 'learning_rate_init': 0.1, 'max_attempts': 10, 'restarts': 0}",0.4775,0.5075,0.505,0.5075,0.4993749999999999,0.012670709332945802,67,0.5066666666666667,0.49666666666666665,0.4975,0.49666666666666665,0.499375,0.004223569777648628
55,0.5585266947746277,0.010265531257486273,0.000997304916381836,1.6858739404357614e-07,sigmoid,"[10, 10]",True,0.1,100,0,"{'activation': <function sigmoid at 0x000001DAE6771C10>, 'hidden_layer_sizes': [10, 10], 'is_classifier': True, 'learning_rate_init': 0.1, 'max_attempts': 100, 'restarts': 0}",0.4775,0.5075,0.505,0.5075,0.4993749999999999,0.012670709332945802,67,0.5066666666666667,0.49666666666666665,0.4975,0.49666666666666665,0.499375,0.004223569777648628
56,0.5409502983093262,0.010074539927201033,0.00149613618850708,0.0004987120699594706,sigmoid,"[10, 10]",True,0.1,200,0,"{'activation': <function sigmoid at 0x000001DAE6771C10>, 'hidden_layer_sizes': [10, 10], 'is_classifier': True, 'learning_rate_init': 0.1, 'max_attempts': 200, 'restarts': 0}",0.4775,0.5075,0.505,0.5075,0.4993749999999999,0.012670709332945802,67,0.5066666666666667,0.49666666666666665,0.4975,0.49666666666666665,0.499375,0.004223569777648628
57,0.5503025054931641,0.02373154991789281,0.001246809959411621,0.0004321554112722469,sigmoid,"[10, 10]",True,0.1,300,0,"{'activation': <function sigmoid at 0x000001DAE6771C10>, 'hidden_layer_sizes': [10, 10], 'is_classifier': True, 'learning_rate_init': 0.1, 'max_attempts': 300, 'restarts': 0}",0.4775,0.5075,0.505,0.5075,0.4993749999999999,0.012670709332945802,67,0.5066666666666667,0.49666666666666665,0.4975,0.49666666666666665,0.499375,0.004223569777648628
58,0.5794743895530701,0.027152956508800324,0.0009975433349609375,2.384185791015625e-07,sigmoid,"[10, 10]",True,0.1,400,0,"{'activation': <function sigmoid at 0x000001DAE6771C10>, 'hidden_layer_sizes': [10, 10], 'is_classifier': True, 'learning_rate_init': 0.1, 'max_attempts': 400, 'restarts': 0}",0.4775,0.5075,0.505,0.5075,0.4993749999999999,0.012670709332945802,67,0.5066666666666667,0.49666666666666665,0.4975,0.49666666666666665,0.499375,0.004223569777648628
59,0.5690030455589294,0.01576941614737693,0.001872241497039795,0.0005459790764674897,sigmoid,"[10, 10]",True,0.1,500,0,"{'activation': <function sigmoid at 0x000001DAE6771C10>, 'hidden_layer_sizes': [10, 10], 'is_classifier': True, 'learning_rate_init': 0.1, 'max_attempts': 500, 'restarts': 0}",0.4775,0.5075,0.505,0.5075,0.4993749999999999,0.012670709332945802,67,0.5066666666666667,0.49666666666666665,0.4975,0.49666666666666665,0.499375,0.004223569777648628
60,0.644302487373352,0.016710758510695863,0.0014960765838623047,0.0004987717244638735,sigmoid,"[15, 15]",True,0.001,10,0,"{'activation': <function sigmoid at 0x000001DAE6771C10>, 'hidden_layer_sizes': [15, 15], 'is_classifier': True, 'learning_rate_init': 0.001, 'max_attempts': 10, 'restarts': 0}",0.4025,0.4,0.445,0.4125,0.41500000000000004,0.01794087511800915,145,0.41833333333333333,0.42,0.405,0.415,0.41458333333333336,0.0058184333515703774
61,0.6784966588020325,0.04224374725485526,0.0012464523315429688,0.00043249961551680634,sigmoid,"[15, 15]",True,0.001,100,0,"{'activation': <function sigmoid at 0x000001DAE6771C10>, 'hidden_layer_sizes': [15, 15], 'is_classifier': True, 'learning_rate_init': 0.001, 'max_attempts': 100, 'restarts': 0}",0.4025,0.4,0.445,0.4125,0.41500000000000004,0.01794087511800915,145,0.41833333333333333,0.42,0.405,0.415,0.41458333333333336,0.0058184333515703774
62,0.6448662877082825,0.04782615595962079,0.0009974837303161621,6.39188605234838e-07,sigmoid,"[15, 15]",True,0.001,200,0,"{'activation': <function sigmoid at 0x000001DAE6771C10>, 'hidden_layer_sizes': [15, 15], 'is_classifier': True, 'learning_rate_init': 0.001, 'max_attempts': 200, 'restarts': 0}",0.4025,0.4,0.445,0.4125,0.41500000000000004,0.01794087511800915,145,0.41833333333333333,0.42,0.405,0.415,0.41458333333333336,0.0058184333515703774
63,0.6754034757614136,0.027125523412466143,0.0012465715408325195,0.0004320177712061375,sigmoid,"[15, 15]",True,0.001,300,0,"{'activation': <function sigmoid at 0x000001DAE6771C10>, 'hidden_layer_sizes': [15, 15], 'is_classifier': True, 'learning_rate_init': 0.001, 'max_attempts': 300, 'restarts': 0}",0.4025,0.4,0.445,0.4125,0.41500000000000004,0.01794087511800915,145,0.41833333333333333,0.42,0.405,0.415,0.41458333333333336,0.0058184333515703774
64,1.0317752361297607,0.03139942945311976,0.0009972453117370605,4.878850443287164e-07,sigmoid,"[15, 15]",True,0.001,400,0,"{'activation': <function sigmoid at 0x000001DAE6771C10>, 'hidden_layer_sizes': [15, 15], 'is_classifier': True, 'learning_rate_init': 0.001, 'max_attempts': 400, 'restarts': 0}",0.4025,0.4,0.445,0.4125,0.41500000000000004,0.01794087511800915,145,0.41833333333333333,0.42,0.405,0.415,0.41458333333333336,0.0058184333515703774
65,1.080858290195465,0.07399511501798582,0.0009971857070922852,1.1920928955078125e-07,sigmoid,"[15, 15]",True,0.001,500,0,"{'activation': <function sigmoid at 0x000001DAE6771C10>, 'hidden_layer_sizes': [15, 15], 'is_classifier': True, 'learning_rate_init': 0.001, 'max_attempts': 500, 'restarts': 0}",0.4025,0.4,0.445,0.4125,0.41500000000000004,0.01794087511800915,145,0.41833333333333333,0.42,0.405,0.415,0.41458333333333336,0.0058184333515703774
66,0.9556540250778198,0.03230040248846933,0.001246809959411621,0.00043188012017880814,sigmoid,"[15, 15]",True,0.01,10,0,"{'activation': <function sigmoid at 0x000001DAE6771C10>, 'hidden_layer_sizes': [15, 15], 'is_classifier': True, 'learning_rate_init': 0.01, 'max_attempts': 10, 'restarts': 0}",0.405,0.4,0.45,0.4175,0.418125,0.019475545563603598,139,0.4216666666666667,0.425,0.4083333333333333,0.41833333333333333,0.41833333333333333,0.006236095644623238
67,0.9319631457328796,0.005247947972939041,0.0014957785606384277,0.0004984738224361749,sigmoid,"[15, 15]",True,0.01,100,0,"{'activation': <function sigmoid at 0x000001DAE6771C10>, 'hidden_layer_sizes': [15, 15], 'is_classifier': True, 'learning_rate_init': 0.01, 'max_attempts': 100, 'restarts': 0}",0.405,0.4,0.45,0.4175,0.418125,0.019475545563603598,139,0.4216666666666667,0.425,0.4083333333333333,0.41833333333333333,0.41833333333333333,0.006236095644623238
68,0.604749321937561,0.010753460283242124,0.0012452006340026855,0.0004326796166059773,sigmoid,"[15, 15]",True,0.01,200,0,"{'activation': <function sigmoid at 0x000001DAE6771C10>, 'hidden_layer_sizes': [15, 15], 'is_classifier': True, 'learning_rate_init': 0.01, 'max_attempts': 200, 'restarts': 0}",0.405,0.4,0.45,0.4175,0.418125,0.019475545563603598,139,0.4216666666666667,0.425,0.4083333333333333,0.41833333333333333,0.41833333333333333,0.006236095644623238
69,0.6208668947219849,0.024226526654044282,0.0012534856796264648,0.00044385579158140155,sigmoid,"[15, 15]",True,0.01,300,0,"{'activation': <function sigmoid at 0x000001DAE6771C10>, 'hidden_layer_sizes': [15, 15], 'is_classifier': True, 'learning_rate_init': 0.01, 'max_attempts': 300, 'restarts': 0}",0.405,0.4,0.45,0.4175,0.418125,0.019475545563603598,139,0.4216666666666667,0.425,0.4083333333333333,0.41833333333333333,0.41833333333333333,0.006236095644623238
70,0.6309680342674255,0.010722370274124834,0.0016312003135681152,0.0008293491520790714,sigmoid,"[15, 15]",True,0.01,400,0,"{'activation': <function sigmoid at 0x000001DAE6771C10>, 'hidden_layer_sizes': [15, 15], 'is_classifier': True, 'learning_rate_init': 0.01, 'max_attempts': 400, 'restarts': 0}",0.405,0.4,0.45,0.4175,0.418125,0.019475545563603598,139,0.4216666666666667,0.425,0.4083333333333333,0.41833333333333333,0.41833333333333333,0.006236095644623238
71,0.6703367829322815,0.009436791137089286,0.0014945268630981445,0.0004999675833583666,sigmoid,"[15, 15]",True,0.01,500,0,"{'activation': <function sigmoid at 0x000001DAE6771C10>, 'hidden_layer_sizes': [15, 15], 'is_classifier': True, 'learning_rate_init': 0.01, 'max_attempts': 500, 'restarts': 0}",0.405,0.4,0.45,0.4175,0.418125,0.019475545563603598,139,0.4216666666666667,0.425,0.4083333333333333,0.41833333333333333,0.41833333333333333,0.006236095644623238
72,0.6657047271728516,0.026349297404547764,0.0015029311180114746,0.0005057191448550566,sigmoid,"[15, 15]",True,0.03,10,0,"{'activation': <function sigmoid at 0x000001DAE6771C10>, 'hidden_layer_sizes': [15, 15], 'is_classifier': True, 'learning_rate_init': 0.03, 'max_attempts': 10, 'restarts': 0}",0.43,0.415,0.48,0.43,0.43875,0.024590394466132502,133,0.4425,0.445,0.42333333333333334,0.44166666666666665,0.438125,0.008627616350353605
73,0.6390050649642944,0.005476441963740706,0.0012540221214294434,0.00042802265569563544,sigmoid,"[15, 15]",True,0.03,100,0,"{'activation': <function sigmoid at 0x000001DAE6771C10>, 'hidden_layer_sizes': [15, 15], 'is_classifier': True, 'learning_rate_init': 0.03, 'max_attempts': 100, 'restarts': 0}",0.43,0.415,0.48,0.43,0.43875,0.024590394466132502,133,0.4425,0.445,0.42333333333333334,0.44166666666666665,0.438125,0.008627616350353605
74,0.6285126209259033,0.003638110647250666,0.0009955763816833496,2.580956827951785e-06,sigmoid,"[15, 15]",True,0.03,200,0,"{'activation': <function sigmoid at 0x000001DAE6771C10>, 'hidden_layer_sizes': [15, 15], 'is_classifier': True, 'learning_rate_init': 0.03, 'max_attempts': 200, 'restarts': 0}",0.43,0.415,0.48,0.43,0.43875,0.024590394466132502,133,0.4425,0.445,0.42333333333333334,0.44166666666666665,0.438125,0.008627616350353605
75,0.6423919796943665,0.022458832450606387,0.0017502307891845703,0.0002440354210897465,sigmoid,"[15, 15]",True,0.03,300,0,"{'activation': <function sigmoid at 0x000001DAE6771C10>, 'hidden_layer_sizes': [15, 15], 'is_classifier': True, 'learning_rate_init': 0.03, 'max_attempts': 300, 'restarts': 0}",0.43,0.415,0.48,0.43,0.43875,0.024590394466132502,133,0.4425,0.445,0.42333333333333334,0.44166666666666665,0.438125,0.008627616350353605
76,0.6250274181365967,0.008317618135904918,0.0019941329956054688,9.973764735866494e-07,sigmoid,"[15, 15]",True,0.03,400,0,"{'activation': <function sigmoid at 0x000001DAE6771C10>, 'hidden_layer_sizes': [15, 15], 'is_classifier': True, 'learning_rate_init': 0.03, 'max_attempts': 400, 'restarts': 0}",0.43,0.415,0.48,0.43,0.43875,0.024590394466132502,133,0.4425,0.445,0.42333333333333334,0.44166666666666665,0.438125,0.008627616350353605
77,0.6386151909828186,0.014500531970841831,0.0011257529258728027,0.0002227539294889468,sigmoid,"[15, 15]",True,0.03,500,0,"{'activation': <function sigmoid at 0x000001DAE6771C10>, 'hidden_layer_sizes': [15, 15], 'is_classifier': True, 'learning_rate_init': 0.03, 'max_attempts': 500, 'restarts': 0}",0.43,0.415,0.48,0.43,0.43875,0.024590394466132502,133,0.4425,0.445,0.42333333333333334,0.44166666666666665,0.438125,0.008627616350353605
78,0.6250948309898376,0.011883264482480393,0.0012463927268981934,0.00043170808931239103,sigmoid,"[15, 15]",True,0.05,10,0,"{'activation': <function sigmoid at 0x000001DAE6771C10>, 'hidden_layer_sizes': [15, 15], 'is_classifier': True, 'learning_rate_init': 0.05, 'max_attempts': 10, 'restarts': 0}",0.4475,0.425,0.4975,0.4625,0.458125,0.026361370886203928,127,0.4625,0.4725,0.4483333333333333,0.4575,0.46020833333333333,0.008727650027355588
79,0.6265466213226318,0.004057293856246794,0.0015032291412353516,0.0004918476185560723,sigmoid,"[15, 15]",True,0.05,100,0,"{'activation': <function sigmoid at 0x000001DAE6771C10>, 'hidden_layer_sizes': [15, 15], 'is_classifier': True, 'learning_rate_init': 0.05, 'max_attempts': 100, 'restarts': 0}",0.4475,0.425,0.4975,0.4625,0.458125,0.026361370886203928,127,0.4625,0.4725,0.4483333333333333,0.4575,0.46020833333333333,0.008727650027355588
80,0.6528269052505493,0.004047640427651701,0.0013759732246398926,0.0004146463891627908,sigmoid,"[15, 15]",True,0.05,200,0,"{'activation': <function sigmoid at 0x000001DAE6771C10>, 'hidden_layer_sizes': [15, 15], 'is_classifier': True, 'learning_rate_init': 0.05, 'max_attempts': 200, 'restarts': 0}",0.4475,0.425,0.4975,0.4625,0.458125,0.026361370886203928,127,0.4625,0.4725,0.4483333333333333,0.4575,0.46020833333333333,0.008727650027355588
81,0.6472779512405396,0.031185218136034136,0.0021300911903381348,0.0008949123285866848,sigmoid,"[15, 15]",True,0.05,300,0,"{'activation': <function sigmoid at 0x000001DAE6771C10>, 'hidden_layer_sizes': [15, 15], 'is_classifier': True, 'learning_rate_init': 0.05, 'max_attempts': 300, 'restarts': 0}",0.4475,0.425,0.4975,0.4625,0.458125,0.026361370886203928,127,0.4625,0.4725,0.4483333333333333,0.4575,0.46020833333333333,0.008727650027355588
82,0.6588433980941772,0.03432314292550743,0.0014960169792175293,0.000498712126949685,sigmoid,"[15, 15]",True,0.05,400,0,"{'activation': <function sigmoid at 0x000001DAE6771C10>, 'hidden_layer_sizes': [15, 15], 'is_classifier': True, 'learning_rate_init': 0.05, 'max_attempts': 400, 'restarts': 0}",0.4475,0.425,0.4975,0.4625,0.458125,0.026361370886203928,127,0.4625,0.4725,0.4483333333333333,0.4575,0.46020833333333333,0.008727650027355588
83,0.6449589133262634,0.015231007385363041,0.0010116100311279297,1.4498515887747547e-05,sigmoid,"[15, 15]",True,0.05,500,0,"{'activation': <function sigmoid at 0x000001DAE6771C10>, 'hidden_layer_sizes': [15, 15], 'is_classifier': True, 'learning_rate_init': 0.05, 'max_attempts': 500, 'restarts': 0}",0.4475,0.425,0.4975,0.4625,0.458125,0.026361370886203928,127,0.4625,0.4725,0.4483333333333333,0.4575,0.46020833333333333,0.008727650027355588
84,0.6662030816078186,0.03347893674527519,0.0012450814247131348,0.0004324740968105476,sigmoid,"[15, 15]",True,0.1,10,0,"{'activation': <function sigmoid at 0x000001DAE6771C10>, 'hidden_layer_sizes': [15, 15], 'is_classifier': True, 'learning_rate_init': 0.1, 'max_attempts': 10, 'restarts': 0}",0.52,0.48,0.5575,0.5075,0.51625,0.02786687101200995,31,0.5133333333333333,0.5241666666666667,0.495,0.5158333333333334,0.5120833333333334,0.01064744361598387
85,0.6585327982902527,0.01334956476048873,0.0022489428520202637,0.0021679005430922426,sigmoid,"[15, 15]",True,0.1,100,0,"{'activation': <function sigmoid at 0x000001DAE6771C10>, 'hidden_layer_sizes': [15, 15], 'is_classifier': True, 'learning_rate_init': 0.1, 'max_attempts': 100, 'restarts': 0}",0.52,0.48,0.5575,0.5075,0.51625,0.02786687101200995,31,0.5133333333333333,0.5241666666666667,0.495,0.5158333333333334,0.5120833333333334,0.01064744361598387
86,0.650135338306427,0.013608244966549547,0.0012465715408325195,0.00043188012017880814,sigmoid,"[15, 15]",True,0.1,200,0,"{'activation': <function sigmoid at 0x000001DAE6771C10>, 'hidden_layer_sizes': [15, 15], 'is_classifier': True, 'learning_rate_init': 0.1, 'max_attempts': 200, 'restarts': 0}",0.52,0.48,0.5575,0.5075,0.51625,0.02786687101200995,31,0.5133333333333333,0.5241666666666667,0.495,0.5158333333333334,0.5120833333333334,0.01064744361598387
87,0.6885470151901245,0.03824989531630445,0.0012464523315429688,0.0004320874189416274,sigmoid,"[15, 15]",True,0.1,300,0,"{'activation': <function sigmoid at 0x000001DAE6771C10>, 'hidden_layer_sizes': [15, 15], 'is_classifier': True, 'learning_rate_init': 0.1, 'max_attempts': 300, 'restarts': 0}",0.52,0.48,0.5575,0.5075,0.51625,0.02786687101200995,31,0.5133333333333333,0.5241666666666667,0.495,0.5158333333333334,0.5120833333333334,0.01064744361598387
88,0.6253559589385986,0.009423994460337584,0.0009937882423400879,3.2092548909120092e-06,sigmoid,"[15, 15]",True,0.1,400,0,"{'activation': <function sigmoid at 0x000001DAE6771C10>, 'hidden_layer_sizes': [15, 15], 'is_classifier': True, 'learning_rate_init': 0.1, 'max_attempts': 400, 'restarts': 0}",0.52,0.48,0.5575,0.5075,0.51625,0.02786687101200995,31,0.5133333333333333,0.5241666666666667,0.495,0.5158333333333334,0.5120833333333334,0.01064744361598387
89,0.662219226360321,0.04206915766160403,0.0012466907501220703,0.00043167397284136144,sigmoid,"[15, 15]",True,0.1,500,0,"{'activation': <function sigmoid at 0x000001DAE6771C10>, 'hidden_layer_sizes': [15, 15], 'is_classifier': True, 'learning_rate_init': 0.1, 'max_attempts': 500, 'restarts': 0}",0.52,0.48,0.5575,0.5075,0.51625,0.02786687101200995,31,0.5133333333333333,0.5241666666666667,0.495,0.5158333333333334,0.5120833333333334,0.01064744361598387
90,0.7580491304397583,0.008976219657369793,0.0012444853782653809,0.0004284044980826541,sigmoid,"[20, 20]",True,0.001,10,0,"{'activation': <function sigmoid at 0x000001DAE6771C10>, 'hidden_layer_sizes': [20, 20], 'is_classifier': True, 'learning_rate_init': 0.001, 'max_attempts': 10, 'restarts': 0}",0.4775,0.5075,0.505,0.5075,0.4993749999999999,0.012670709332945802,67,0.5066666666666667,0.49666666666666665,0.4975,0.49666666666666665,0.499375,0.004223569777648628
91,0.7662930488586426,0.017785417098745725,0.0015025734901428223,0.0005048725613218208,sigmoid,"[20, 20]",True,0.001,100,0,"{'activation': <function sigmoid at 0x000001DAE6771C10>, 'hidden_layer_sizes': [20, 20], 'is_classifier': True, 'learning_rate_init': 0.001, 'max_attempts': 100, 'restarts': 0}",0.4775,0.5075,0.505,0.5075,0.4993749999999999,0.012670709332945802,67,0.5066666666666667,0.49666666666666665,0.4975,0.49666666666666665,0.499375,0.004223569777648628
92,0.7655622363090515,0.015227166882091744,0.0017448663711547852,0.00043160511445460275,sigmoid,"[20, 20]",True,0.001,200,0,"{'activation': <function sigmoid at 0x000001DAE6771C10>, 'hidden_layer_sizes': [20, 20], 'is_classifier': True, 'learning_rate_init': 0.001, 'max_attempts': 200, 'restarts': 0}",0.4775,0.5075,0.505,0.5075,0.4993749999999999,0.012670709332945802,67,0.5066666666666667,0.49666666666666665,0.4975,0.49666666666666665,0.499375,0.004223569777648628
93,0.7669938206672668,0.012613465379270277,0.0017452836036682129,0.00043198335844930495,sigmoid,"[20, 20]",True,0.001,300,0,"{'activation': <function sigmoid at 0x000001DAE6771C10>, 'hidden_layer_sizes': [20, 20], 'is_classifier': True, 'learning_rate_init': 0.001, 'max_attempts': 300, 'restarts': 0}",0.4775,0.5075,0.505,0.5075,0.4993749999999999,0.012670709332945802,67,0.5066666666666667,0.49666666666666665,0.4975,0.49666666666666665,0.499375,0.004223569777648628
94,0.7740817070007324,0.031048437597916454,0.0012467503547668457,0.0008271012904990635,sigmoid,"[20, 20]",True,0.001,400,0,"{'activation': <function sigmoid at 0x000001DAE6771C10>, 'hidden_layer_sizes': [20, 20], 'is_classifier': True, 'learning_rate_init': 0.001, 'max_attempts': 400, 'restarts': 0}",0.4775,0.5075,0.505,0.5075,0.4993749999999999,0.012670709332945802,67,0.5066666666666667,0.49666666666666665,0.4975,0.49666666666666665,0.499375,0.004223569777648628
95,0.7565926313400269,0.0037542317080965946,0.0014957189559936523,0.0004986525721849662,sigmoid,"[20, 20]",True,0.001,500,0,"{'activation': <function sigmoid at 0x000001DAE6771C10>, 'hidden_layer_sizes': [20, 20], 'is_classifier': True, 'learning_rate_init': 0.001, 'max_attempts': 500, 'restarts': 0}",0.4775,0.5075,0.505,0.5075,0.4993749999999999,0.012670709332945802,67,0.5066666666666667,0.49666666666666665,0.4975,0.49666666666666665,0.499375,0.004223569777648628
96,0.7693541646003723,0.01376107801693162,0.001495659351348877,0.0004984736798925135,sigmoid,"[20, 20]",True,0.01,10,0,"{'activation': <function sigmoid at 0x000001DAE6771C10>, 'hidden_layer_sizes': [20, 20], 'is_classifier': True, 'learning_rate_init': 0.01, 'max_attempts': 10, 'restarts': 0}",0.4775,0.5075,0.505,0.5075,0.4993749999999999,0.012670709332945802,67,0.5066666666666667,0.49666666666666665,0.4975,0.49666666666666665,0.499375,0.004223569777648628
97,0.7990094423294067,0.028164220122433616,0.0012468695640563965,0.0004318456964528926,sigmoid,"[20, 20]",True,0.01,100,0,"{'activation': <function sigmoid at 0x000001DAE6771C10>, 'hidden_layer_sizes': [20, 20], 'is_classifier': True, 'learning_rate_init': 0.01, 'max_attempts': 100, 'restarts': 0}",0.4775,0.5075,0.505,0.5075,0.4993749999999999,0.012670709332945802,67,0.5066666666666667,0.49666666666666665,0.4975,0.49666666666666665,0.499375,0.004223569777648628
98,0.8033835291862488,0.012703370157396412,0.0012470483779907227,0.0004324307900135967,sigmoid,"[20, 20]",True,0.01,200,0,"{'activation': <function sigmoid at 0x000001DAE6771C10>, 'hidden_layer_sizes': [20, 20], 'is_classifier': True, 'learning_rate_init': 0.01, 'max_attempts': 200, 'restarts': 0}",0.4775,0.5075,0.505,0.5075,0.4993749999999999,0.012670709332945802,67,0.5066666666666667,0.49666666666666665,0.4975,0.49666666666666665,0.499375,0.004223569777648628
99,0.8310636281967163,0.035745262455624656,0.0009972453117370605,3.5262583393452264e-07,sigmoid,"[20, 20]",True,0.01,300,0,"{'activation': <function sigmoid at 0x000001DAE6771C10>, 'hidden_layer_sizes': [20, 20], 'is_classifier': True, 'learning_rate_init': 0.01, 'max_attempts': 300, 'restarts': 0}",0.4775,0.5075,0.505,0.5075,0.4993749999999999,0.012670709332945802,67,0.5066666666666667,0.49666666666666665,0.4975,0.49666666666666665,0.499375,0.004223569777648628
100,0.7764545679092407,0.04022542612269527,0.0009974241256713867,4.915124923727108e-07,sigmoid,"[20, 20]",True,0.01,400,0,"{'activation': <function sigmoid at 0x000001DAE6771C10>, 'hidden_layer_sizes': [20, 20], 'is_classifier': True, 'learning_rate_init': 0.01, 'max_attempts': 400, 'restarts': 0}",0.4775,0.5075,0.505,0.5075,0.4993749999999999,0.012670709332945802,67,0.5066666666666667,0.49666666666666665,0.4975,0.49666666666666665,0.499375,0.004223569777648628
101,0.7799451351165771,0.04756448122283195,0.000997304916381836,1.6858739404357614e-07,sigmoid,"[20, 20]",True,0.01,500,0,"{'activation': <function sigmoid at 0x000001DAE6771C10>, 'hidden_layer_sizes': [20, 20], 'is_classifier': True, 'learning_rate_init': 0.01, 'max_attempts': 500, 'restarts': 0}",0.4775,0.5075,0.505,0.5075,0.4993749999999999,0.012670709332945802,67,0.5066666666666667,0.49666666666666665,0.4975,0.49666666666666665,0.499375,0.004223569777648628
102,0.7978971004486084,0.00550789358466872,0.0012468695640563965,0.0004318457951746343,sigmoid,"[20, 20]",True,0.03,10,0,"{'activation': <function sigmoid at 0x000001DAE6771C10>, 'hidden_layer_sizes': [20, 20], 'is_classifier': True, 'learning_rate_init': 0.03, 'max_attempts': 10, 'restarts': 0}",0.4775,0.5075,0.505,0.5075,0.4993749999999999,0.012670709332945802,67,0.5066666666666667,0.49666666666666665,0.4975,0.49666666666666665,0.499375,0.004223569777648628
103,0.7678551077842712,0.017749669434937727,0.0012466907501220703,0.0004315361133569928,sigmoid,"[20, 20]",True,0.03,100,0,"{'activation': <function sigmoid at 0x000001DAE6771C10>, 'hidden_layer_sizes': [20, 20], 'is_classifier': True, 'learning_rate_init': 0.03, 'max_attempts': 100, 'restarts': 0}",0.4775,0.5075,0.505,0.5075,0.4993749999999999,0.012670709332945802,67,0.5066666666666667,0.49666666666666665,0.4975,0.49666666666666665,0.499375,0.004223569777648628
104,0.7614965438842773,0.016991236471169336,0.0014955997467041016,0.0004985333059120237,sigmoid,"[20, 20]",True,0.03,200,0,"{'activation': <function sigmoid at 0x000001DAE6771C10>, 'hidden_layer_sizes': [20, 20], 'is_classifier': True, 'learning_rate_init': 0.03, 'max_attempts': 200, 'restarts': 0}",0.4775,0.5075,0.505,0.5075,0.4993749999999999,0.012670709332945802,67,0.5066666666666667,0.49666666666666665,0.4975,0.49666666666666665,0.499375,0.004223569777648628
105,0.7562603950500488,0.008874523625259168,0.001495659351348877,0.0004990697262977069,sigmoid,"[20, 20]",True,0.03,300,0,"{'activation': <function sigmoid at 0x000001DAE6771C10>, 'hidden_layer_sizes': [20, 20], 'is_classifier': True, 'learning_rate_init': 0.03, 'max_attempts': 300, 'restarts': 0}",0.4775,0.5075,0.505,0.5075,0.4993749999999999,0.012670709332945802,67,0.5066666666666667,0.49666666666666665,0.4975,0.49666666666666665,0.499375,0.004223569777648628
106,0.7505253553390503,0.0130326471526154,0.0017453432083129883,0.00043188018598805926,sigmoid,"[20, 20]",True,0.03,400,0,"{'activation': <function sigmoid at 0x000001DAE6771C10>, 'hidden_layer_sizes': [20, 20], 'is_classifier': True, 'learning_rate_init': 0.03, 'max_attempts': 400, 'restarts': 0}",0.4775,0.5075,0.505,0.5075,0.4993749999999999,0.012670709332945802,67,0.5066666666666667,0.49666666666666665,0.4975,0.49666666666666665,0.499375,0.004223569777648628
107,0.7774536609649658,0.01887697331404026,0.001246809959411621,0.0004324307900135967,sigmoid,"[20, 20]",True,0.03,500,0,"{'activation': <function sigmoid at 0x000001DAE6771C10>, 'hidden_layer_sizes': [20, 20], 'is_classifier': True, 'learning_rate_init': 0.03, 'max_attempts': 500, 'restarts': 0}",0.4775,0.5075,0.505,0.5075,0.4993749999999999,0.012670709332945802,67,0.5066666666666667,0.49666666666666665,0.4975,0.49666666666666665,0.499375,0.004223569777648628
108,0.7824410200119019,0.02141952441834436,0.000997304916381836,4.1295309247228556e-07,sigmoid,"[20, 20]",True,0.05,10,0,"{'activation': <function sigmoid at 0x000001DAE6771C10>, 'hidden_layer_sizes': [20, 20], 'is_classifier': True, 'learning_rate_init': 0.05, 'max_attempts': 10, 'restarts': 0}",0.4775,0.5075,0.505,0.5075,0.4993749999999999,0.012670709332945802,67,0.5066666666666667,0.49666666666666665,0.4975,0.49666666666666665,0.499375,0.004223569777648628
109,0.784312903881073,0.008126202575547766,0.0011258721351623535,0.00022227200202320772,sigmoid,"[20, 20]",True,0.05,100,0,"{'activation': <function sigmoid at 0x000001DAE6771C10>, 'hidden_layer_sizes': [20, 20], 'is_classifier': True, 'learning_rate_init': 0.05, 'max_attempts': 100, 'restarts': 0}",0.4775,0.5075,0.505,0.5075,0.4993749999999999,0.012670709332945802,67,0.5066666666666667,0.49666666666666665,0.4975,0.49666666666666665,0.499375,0.004223569777648628
110,0.7836889028549194,0.0032604592471703634,0.0018746256828308105,0.0007348647420442504,sigmoid,"[20, 20]",True,0.05,200,0,"{'activation': <function sigmoid at 0x000001DAE6771C10>, 'hidden_layer_sizes': [20, 20], 'is_classifier': True, 'learning_rate_init': 0.05, 'max_attempts': 200, 'restarts': 0}",0.4775,0.5075,0.505,0.5075,0.4993749999999999,0.012670709332945802,67,0.5066666666666667,0.49666666666666665,0.4975,0.49666666666666665,0.499375,0.004223569777648628
111,0.7873056530952454,0.01573670689832481,0.001246333122253418,0.00043188012017880814,sigmoid,"[20, 20]",True,0.05,300,0,"{'activation': <function sigmoid at 0x000001DAE6771C10>, 'hidden_layer_sizes': [20, 20], 'is_classifier': True, 'learning_rate_init': 0.05, 'max_attempts': 300, 'restarts': 0}",0.4775,0.5075,0.505,0.5075,0.4993749999999999,0.012670709332945802,67,0.5066666666666667,0.49666666666666665,0.4975,0.49666666666666665,0.499375,0.004223569777648628
112,0.7606267333030701,0.008790419740256085,0.0009974241256713867,3.5762786865234375e-07,sigmoid,"[20, 20]",True,0.05,400,0,"{'activation': <function sigmoid at 0x000001DAE6771C10>, 'hidden_layer_sizes': [20, 20], 'is_classifier': True, 'learning_rate_init': 0.05, 'max_attempts': 400, 'restarts': 0}",0.4775,0.5075,0.505,0.5075,0.4993749999999999,0.012670709332945802,67,0.5066666666666667,0.49666666666666665,0.4975,0.49666666666666665,0.499375,0.004223569777648628
113,0.7631155848503113,0.007266812212582833,0.0009974241256713867,1.1920928955078125e-07,sigmoid,"[20, 20]",True,0.05,500,0,"{'activation': <function sigmoid at 0x000001DAE6771C10>, 'hidden_layer_sizes': [20, 20], 'is_classifier': True, 'learning_rate_init': 0.05, 'max_attempts': 500, 'restarts': 0}",0.4775,0.5075,0.505,0.5075,0.4993749999999999,0.012670709332945802,67,0.5066666666666667,0.49666666666666665,0.4975,0.49666666666666665,0.499375,0.004223569777648628
114,0.7562621831893921,0.015440443705937298,0.0017451643943786621,0.0008268856343484659,sigmoid,"[20, 20]",True,0.1,10,0,"{'activation': <function sigmoid at 0x000001DAE6771C10>, 'hidden_layer_sizes': [20, 20], 'is_classifier': True, 'learning_rate_init': 0.1, 'max_attempts': 10, 'restarts': 0}",0.4775,0.5075,0.505,0.5075,0.4993749999999999,0.012670709332945802,67,0.5066666666666667,0.49666666666666665,0.4975,0.49666666666666665,0.499375,0.004223569777648628
115,0.7568832635879517,0.01854897696016943,0.000997304916381836,1.6858739404357614e-07,sigmoid,"[20, 20]",True,0.1,100,0,"{'activation': <function sigmoid at 0x000001DAE6771C10>, 'hidden_layer_sizes': [20, 20], 'is_classifier': True, 'learning_rate_init': 0.1, 'max_attempts': 100, 'restarts': 0}",0.4775,0.5075,0.505,0.5075,0.4993749999999999,0.012670709332945802,67,0.5066666666666667,0.49666666666666665,0.4975,0.49666666666666665,0.499375,0.004223569777648628
116,0.7538884282112122,0.02278535792844785,0.0012466907501220703,0.0004318112946651443,sigmoid,"[20, 20]",True,0.1,200,0,"{'activation': <function sigmoid at 0x000001DAE6771C10>, 'hidden_layer_sizes': [20, 20], 'is_classifier': True, 'learning_rate_init': 0.1, 'max_attempts': 200, 'restarts': 0}",0.4775,0.5075,0.505,0.5075,0.4993749999999999,0.012670709332945802,67,0.5066666666666667,0.49666666666666665,0.4975,0.49666666666666665,0.499375,0.004223569777648628
117,0.7683548331260681,0.007974281308732345,0.0012466907501220703,0.0004319489676253954,sigmoid,"[20, 20]",True,0.1,300,0,"{'activation': <function sigmoid at 0x000001DAE6771C10>, 'hidden_layer_sizes': [20, 20], 'is_classifier': True, 'learning_rate_init': 0.1, 'max_attempts': 300, 'restarts': 0}",0.4775,0.5075,0.505,0.5075,0.4993749999999999,0.012670709332945802,67,0.5066666666666667,0.49666666666666665,0.4975,0.49666666666666665,0.499375,0.004223569777648628
118,0.7585025429725647,0.0262215655688802,0.001246809959411621,0.0004320177712061375,sigmoid,"[20, 20]",True,0.1,400,0,"{'activation': <function sigmoid at 0x000001DAE6771C10>, 'hidden_layer_sizes': [20, 20], 'is_classifier': True, 'learning_rate_init': 0.1, 'max_attempts': 400, 'restarts': 0}",0.4775,0.5075,0.505,0.5075,0.4993749999999999,0.012670709332945802,67,0.5066666666666667,0.49666666666666665,0.4975,0.49666666666666665,0.499375,0.004223569777648628
119,0.7739611268043518,0.005772412217785339,0.0019946694374084473,0.0007050324894488523,sigmoid,"[20, 20]",True,0.1,500,0,"{'activation': <function sigmoid at 0x000001DAE6771C10>, 'hidden_layer_sizes': [20, 20], 'is_classifier': True, 'learning_rate_init': 0.1, 'max_attempts': 500, 'restarts': 0}",0.4775,0.5075,0.505,0.5075,0.4993749999999999,0.012670709332945802,67,0.5066666666666667,0.49666666666666665,0.4975,0.49666666666666665,0.499375,0.004223569777648628
120,0.9415238499641418,0.022879357105288465,0.0014958977699279785,0.0004988313932005026,sigmoid,"[25, 25]",True,0.001,10,0,"{'activation': <function sigmoid at 0x000001DAE6771C10>, 'hidden_layer_sizes': [25, 25], 'is_classifier': True, 'learning_rate_init': 0.001, 'max_attempts': 10, 'restarts': 0}",0.5225,0.4925,0.495,0.4925,0.500625,0.012670709332945795,37,0.49333333333333335,0.5033333333333333,0.5025,0.5033333333333333,0.500625,0.00422356977764858
121,0.9280600547790527,0.01130530151916875,0.001745462417602539,0.0004318112946651443,sigmoid,"[25, 25]",True,0.001,100,0,"{'activation': <function sigmoid at 0x000001DAE6771C10>, 'hidden_layer_sizes': [25, 25], 'is_classifier': True, 'learning_rate_init': 0.001, 'max_attempts': 100, 'restarts': 0}",0.5225,0.4925,0.495,0.4925,0.500625,0.012670709332945795,37,0.49333333333333335,0.5033333333333333,0.5025,0.5033333333333333,0.500625,0.00422356977764858
122,0.9531201720237732,0.04458320014323124,0.0012464523315429688,0.00043208666249760656,sigmoid,"[25, 25]",True,0.001,200,0,"{'activation': <function sigmoid at 0x000001DAE6771C10>, 'hidden_layer_sizes': [25, 25], 'is_classifier': True, 'learning_rate_init': 0.001, 'max_attempts': 200, 'restarts': 0}",0.5225,0.4925,0.495,0.4925,0.500625,0.012670709332945795,37,0.49333333333333335,0.5033333333333333,0.5025,0.5033333333333333,0.500625,0.00422356977764858
123,0.9120963215827942,0.01808891493422347,0.0009976625442504883,3.5762786865234375e-07,sigmoid,"[25, 25]",True,0.001,300,0,"{'activation': <function sigmoid at 0x000001DAE6771C10>, 'hidden_layer_sizes': [25, 25], 'is_classifier': True, 'learning_rate_init': 0.001, 'max_attempts': 300, 'restarts': 0}",0.5225,0.4925,0.495,0.4925,0.500625,0.012670709332945795,37,0.49333333333333335,0.5033333333333333,0.5025,0.5033333333333333,0.500625,0.00422356977764858
124,1.1728176474571228,0.06867392043697404,0.001872420310974121,0.000546463015866693,sigmoid,"[25, 25]",True,0.001,400,0,"{'activation': <function sigmoid at 0x000001DAE6771C10>, 'hidden_layer_sizes': [25, 25], 'is_classifier': True, 'learning_rate_init': 0.001, 'max_attempts': 400, 'restarts': 0}",0.5225,0.4925,0.495,0.4925,0.500625,0.012670709332945795,37,0.49333333333333335,0.5033333333333333,0.5025,0.5033333333333333,0.500625,0.00422356977764858
125,1.1156750917434692,0.043326237943436346,0.0009977221488952637,1.1103115087865089e-06,sigmoid,"[25, 25]",True,0.001,500,0,"{'activation': <function sigmoid at 0x000001DAE6771C10>, 'hidden_layer_sizes': [25, 25], 'is_classifier': True, 'learning_rate_init': 0.001, 'max_attempts': 500, 'restarts': 0}",0.5225,0.4925,0.495,0.4925,0.500625,0.012670709332945795,37,0.49333333333333335,0.5033333333333333,0.5025,0.5033333333333333,0.500625,0.00422356977764858
126,1.1370882987976074,0.030496955941890364,0.0012530684471130371,0.0004282692030095014,sigmoid,"[25, 25]",True,0.01,10,0,"{'activation': <function sigmoid at 0x000001DAE6771C10>, 'hidden_layer_sizes': [25, 25], 'is_classifier': True, 'learning_rate_init': 0.01, 'max_attempts': 10, 'restarts': 0}",0.5225,0.4925,0.495,0.4925,0.500625,0.012670709332945795,37,0.49333333333333335,0.5033333333333333,0.5025,0.5033333333333333,0.500625,0.00422356977764858
127,1.1330318450927734,0.04146651424287497,0.0012453198432922363,0.0004326088980660151,sigmoid,"[25, 25]",True,0.01,100,0,"{'activation': <function sigmoid at 0x000001DAE6771C10>, 'hidden_layer_sizes': [25, 25], 'is_classifier': True, 'learning_rate_init': 0.01, 'max_attempts': 100, 'restarts': 0}",0.5225,0.4925,0.495,0.4925,0.500625,0.012670709332945795,37,0.49333333333333335,0.5033333333333333,0.5025,0.5033333333333333,0.500625,0.00422356977764858
128,1.3730165362358093,0.2413163378256619,0.0009979009628295898,0.0007052018249648777,sigmoid,"[25, 25]",True,0.01,200,0,"{'activation': <function sigmoid at 0x000001DAE6771C10>, 'hidden_layer_sizes': [25, 25], 'is_classifier': True, 'learning_rate_init': 0.01, 'max_attempts': 200, 'restarts': 0}",0.5225,0.4925,0.495,0.4925,0.500625,0.012670709332945795,37,0.49333333333333335,0.5033333333333333,0.5025,0.5033333333333333,0.500625,0.00422356977764858
129,0.9631409645080566,0.09377352705688308,0.0012471675872802734,0.0004327748737475549,sigmoid,"[25, 25]",True,0.01,300,0,"{'activation': <function sigmoid at 0x000001DAE6771C10>, 'hidden_layer_sizes': [25, 25], 'is_classifier': True, 'learning_rate_init': 0.01, 'max_attempts': 300, 'restarts': 0}",0.5225,0.4925,0.495,0.4925,0.500625,0.012670709332945795,37,0.49333333333333335,0.5033333333333333,0.5025,0.5033333333333333,0.500625,0.00422356977764858
130,1.2928158044815063,0.029365787160317805,0.0017455220222473145,0.00043225887967599766,sigmoid,"[25, 25]",True,0.01,400,0,"{'activation': <function sigmoid at 0x000001DAE6771C10>, 'hidden_layer_sizes': [25, 25], 'is_classifier': True, 'learning_rate_init': 0.01, 'max_attempts': 400, 'restarts': 0}",0.5225,0.4925,0.495,0.4925,0.500625,0.012670709332945795,37,0.49333333333333335,0.5033333333333333,0.5025,0.5033333333333333,0.500625,0.00422356977764858
131,1.1921377778053284,0.04175882987767144,0.0014960169792175293,0.0004987120984545787,sigmoid,"[25, 25]",True,0.01,500,0,"{'activation': <function sigmoid at 0x000001DAE6771C10>, 'hidden_layer_sizes': [25, 25], 'is_classifier': True, 'learning_rate_init': 0.01, 'max_attempts': 500, 'restarts': 0}",0.5225,0.4925,0.495,0.4925,0.500625,0.012670709332945795,37,0.49333333333333335,0.5033333333333333,0.5025,0.5033333333333333,0.500625,0.00422356977764858
132,1.305592954158783,0.03625135382908568,0.0017518997192382812,0.0004205239104320158,sigmoid,"[25, 25]",True,0.03,10,0,"{'activation': <function sigmoid at 0x000001DAE6771C10>, 'hidden_layer_sizes': [25, 25], 'is_classifier': True, 'learning_rate_init': 0.03, 'max_attempts': 10, 'restarts': 0}",0.5225,0.4925,0.4925,0.4925,0.49999999999999994,0.012990381056766566,55,0.4925,0.5025,0.5025,0.5025,0.49999999999999994,0.004330127018922173
133,1.082792580127716,0.22966391754401913,0.0012467503547668457,0.0004319145658376454,sigmoid,"[25, 25]",True,0.03,100,0,"{'activation': <function sigmoid at 0x000001DAE6771C10>, 'hidden_layer_sizes': [25, 25], 'is_classifier': True, 'learning_rate_init': 0.03, 'max_attempts': 100, 'restarts': 0}",0.5225,0.4925,0.4925,0.4925,0.49999999999999994,0.012990381056766566,55,0.4925,0.5025,0.5025,0.5025,0.49999999999999994,0.004330127018922173
134,0.942634105682373,0.030839096381836503,0.0015961527824401855,0.0003895256658665306,sigmoid,"[25, 25]",True,0.03,200,0,"{'activation': <function sigmoid at 0x000001DAE6771C10>, 'hidden_layer_sizes': [25, 25], 'is_classifier': True, 'learning_rate_init': 0.03, 'max_attempts': 200, 'restarts': 0}",0.5225,0.4925,0.4925,0.4925,0.49999999999999994,0.012990381056766566,55,0.4925,0.5025,0.5025,0.5025,0.49999999999999994,0.004330127018922173
135,0.9060019850730896,0.038967353812184205,0.0011260509490966797,0.00022299466993503422,sigmoid,"[25, 25]",True,0.03,300,0,"{'activation': <function sigmoid at 0x000001DAE6771C10>, 'hidden_layer_sizes': [25, 25], 'is_classifier': True, 'learning_rate_init': 0.03, 'max_attempts': 300, 'restarts': 0}",0.5225,0.4925,0.4925,0.4925,0.49999999999999994,0.012990381056766566,55,0.4925,0.5025,0.5025,0.5025,0.49999999999999994,0.004330127018922173
136,0.8859752416610718,0.05334685266416864,0.0015021562576293945,0.0005049364835605423,sigmoid,"[25, 25]",True,0.03,400,0,"{'activation': <function sigmoid at 0x000001DAE6771C10>, 'hidden_layer_sizes': [25, 25], 'is_classifier': True, 'learning_rate_init': 0.03, 'max_attempts': 400, 'restarts': 0}",0.5225,0.4925,0.4925,0.4925,0.49999999999999994,0.012990381056766566,55,0.4925,0.5025,0.5025,0.5025,0.49999999999999994,0.004330127018922173
137,0.9235759973526001,0.05311756376838617,0.0019949674606323242,0.001221346900774327,sigmoid,"[25, 25]",True,0.03,500,0,"{'activation': <function sigmoid at 0x000001DAE6771C10>, 'hidden_layer_sizes': [25, 25], 'is_classifier': True, 'learning_rate_init': 0.03, 'max_attempts': 500, 'restarts': 0}",0.5225,0.4925,0.4925,0.4925,0.49999999999999994,0.012990381056766566,55,0.4925,0.5025,0.5025,0.5025,0.49999999999999994,0.004330127018922173
138,1.0862478613853455,0.016733880914619984,0.001745462417602539,0.0004319489347260107,sigmoid,"[25, 25]",True,0.05,10,0,"{'activation': <function sigmoid at 0x000001DAE6771C10>, 'hidden_layer_sizes': [25, 25], 'is_classifier': True, 'learning_rate_init': 0.05, 'max_attempts': 10, 'restarts': 0}",0.5225,0.4925,0.4925,0.4925,0.49999999999999994,0.012990381056766566,55,0.4925,0.5025,0.5025,0.5025,0.49999999999999994,0.004330127018922173
139,1.0296019911766052,0.027331353294773566,0.0024992823600769043,0.0020656395841993115,sigmoid,"[25, 25]",True,0.05,100,0,"{'activation': <function sigmoid at 0x000001DAE6771C10>, 'hidden_layer_sizes': [25, 25], 'is_classifier': True, 'learning_rate_init': 0.05, 'max_attempts': 100, 'restarts': 0}",0.5225,0.4925,0.4925,0.4925,0.49999999999999994,0.012990381056766566,55,0.4925,0.5025,0.5025,0.5025,0.49999999999999994,0.004330127018922173
140,0.9311807751655579,0.031498111620014584,0.0013733506202697754,0.00041395217244094595,sigmoid,"[25, 25]",True,0.05,200,0,"{'activation': <function sigmoid at 0x000001DAE6771C10>, 'hidden_layer_sizes': [25, 25], 'is_classifier': True, 'learning_rate_init': 0.05, 'max_attempts': 200, 'restarts': 0}",0.5225,0.4925,0.4925,0.4925,0.49999999999999994,0.012990381056766566,55,0.4925,0.5025,0.5025,0.5025,0.49999999999999994,0.004330127018922173
141,0.9184702038764954,0.018947198040986563,0.0011239051818847656,0.00021955354519215666,sigmoid,"[25, 25]",True,0.05,300,0,"{'activation': <function sigmoid at 0x000001DAE6771C10>, 'hidden_layer_sizes': [25, 25], 'is_classifier': True, 'learning_rate_init': 0.05, 'max_attempts': 300, 'restarts': 0}",0.5225,0.4925,0.4925,0.4925,0.49999999999999994,0.012990381056766566,55,0.4925,0.5025,0.5025,0.5025,0.49999999999999994,0.004330127018922173
142,0.9405591487884521,0.0072860132471418695,0.0012940764427185059,0.0004121853657750003,sigmoid,"[25, 25]",True,0.05,400,0,"{'activation': <function sigmoid at 0x000001DAE6771C10>, 'hidden_layer_sizes': [25, 25], 'is_classifier': True, 'learning_rate_init': 0.05, 'max_attempts': 400, 'restarts': 0}",0.5225,0.4925,0.4925,0.4925,0.49999999999999994,0.012990381056766566,55,0.4925,0.5025,0.5025,0.5025,0.49999999999999994,0.004330127018922173
143,0.9346888661384583,0.02014961603804492,0.0017455816268920898,0.00043188018598805926,sigmoid,"[25, 25]",True,0.05,500,0,"{'activation': <function sigmoid at 0x000001DAE6771C10>, 'hidden_layer_sizes': [25, 25], 'is_classifier': True, 'learning_rate_init': 0.05, 'max_attempts': 500, 'restarts': 0}",0.5225,0.4925,0.4925,0.4925,0.49999999999999994,0.012990381056766566,55,0.4925,0.5025,0.5025,0.5025,0.49999999999999994,0.004330127018922173
144,0.9845056533813477,0.036413321780705665,0.0016268491744995117,0.0004117884538223101,sigmoid,"[25, 25]",True,0.1,10,0,"{'activation': <function sigmoid at 0x000001DAE6771C10>, 'hidden_layer_sizes': [25, 25], 'is_classifier': True, 'learning_rate_init': 0.1, 'max_attempts': 10, 'restarts': 0}",0.5225,0.495,0.4925,0.49,0.5,0.013110110602126883,49,0.4925,0.5016666666666667,0.5025,0.5033333333333333,0.5,0.0043700368673756235
145,1.0125699043273926,0.03147260544272582,0.0017521977424621582,0.00024293650412757206,sigmoid,"[25, 25]",True,0.1,100,0,"{'activation': <function sigmoid at 0x000001DAE6771C10>, 'hidden_layer_sizes': [25, 25], 'is_classifier': True, 'learning_rate_init': 0.1, 'max_attempts': 100, 'restarts': 0}",0.5225,0.495,0.4925,0.49,0.5,0.013110110602126883,49,0.4925,0.5016666666666667,0.5025,0.5033333333333333,0.5,0.0043700368673756235
146,1.0083408951759338,0.020688260873142156,0.0012453794479370117,0.00042954005271455165,sigmoid,"[25, 25]",True,0.1,200,0,"{'activation': <function sigmoid at 0x000001DAE6771C10>, 'hidden_layer_sizes': [25, 25], 'is_classifier': True, 'learning_rate_init': 0.1, 'max_attempts': 200, 'restarts': 0}",0.5225,0.495,0.4925,0.49,0.5,0.013110110602126883,49,0.4925,0.5016666666666667,0.5025,0.5033333333333333,0.5,0.0043700368673756235
147,0.9836000800132751,0.04755664658299289,0.0012447834014892578,0.00043333352343034263,sigmoid,"[25, 25]",True,0.1,300,0,"{'activation': <function sigmoid at 0x000001DAE6771C10>, 'hidden_layer_sizes': [25, 25], 'is_classifier': True, 'learning_rate_init': 0.1, 'max_attempts': 300, 'restarts': 0}",0.5225,0.495,0.4925,0.49,0.5,0.013110110602126883,49,0.4925,0.5016666666666667,0.5025,0.5033333333333333,0.5,0.0043700368673756235
148,0.7690132856369019,0.040899717183062886,0.000747382640838623,0.00043150171158762003,sigmoid,"[25, 25]",True,0.1,400,0,"{'activation': <function sigmoid at 0x000001DAE6771C10>, 'hidden_layer_sizes': [25, 25], 'is_classifier': True, 'learning_rate_init': 0.1, 'max_attempts': 400, 'restarts': 0}",0.5225,0.495,0.4925,0.49,0.5,0.013110110602126883,49,0.4925,0.5016666666666667,0.5025,0.5033333333333333,0.5,0.0043700368673756235
149,0.7066285014152527,0.014116829549378526,0.0004990100860595703,0.0004990100860595703,sigmoid,"[25, 25]",True,0.1,500,0,"{'activation': <function sigmoid at 0x000001DAE6771C10>, 'hidden_layer_sizes': [25, 25], 'is_classifier': True, 'learning_rate_init': 0.1, 'max_attempts': 500, 'restarts': 0}",0.5225,0.495,0.4925,0.49,0.5,0.013110110602126883,49,0.4925,0.5016666666666667,0.5025,0.5033333333333333,0.5,0.0043700368673756235
