,Iteration,Time,Fitness,FEvals,max_iters,is_classifier,mutation_prob,pop_size,init_state,algorithm,activation,bias,early_stopping,clip_max,hidden_layer_sizes,learning_rate_init,max_attempts
0,0,0.299929499999962,0.6588295955244129,251.0,100,True,0.1,250,"[-0.4759506499688366, -0.6826320556910688, -0.4437469610112805, -0.0813662255708667, -0.35799891895966574, 0.036785641195074215, -0.4761141488697107, 0.9521705697548672, 0.4656291053809647, -0.7694515466337011, -0.2274498627312811, 0.25700235907942326, -0.7498841473288012, 0.9670972102872823, -0.11355026270974378, 0.5791166840478064, 0.5882371515831732, -0.27747685516513854, -0.167792120858004, 0.1685162562206428, 0.5203435476117149, -0.6243831891471687, -0.42366570437592865, 0.34043771632046815, -0.0007034772559750824, -0.6428626456729458, -0.17371739715068224, -0.6016095295898032, 0.06339880717407342, 0.6647414061359651, -0.6294981098559103, 0.9147184473425214, -0.1491706697109667, 0.008014078322874596, 0.02094189365189414, -0.9684170955763711, 0.4633801373352484, 0.9866100797816586, -0.6742449334604654, -0.7467304406183248, -0.250331630839858, 0.38643888840226137, -0.9941979396625802, -0.26154187548102836, -0.8826413488397749, 0.578672170048224, -0.3004615746000363, 0.40504743942751653, -0.017541845468242778, 0.9457446597376122, 0.6719357600650964, 0.22047466434640284, 0.12903795894907688, 0.9947782864417738, -0.49055172710823847, -0.971244285945351, -0.8219098655950123, 0.8779652010919079, 0.9469187987353844, -0.017036940337160633, -0.31812805669350275, 0.4457152358694667, -0.9782064752597015, 0.5199063552898913, 0.34280557242526144, -0.6191089486073558, 0.33292930513963404, 0.8222448031206269, -0.6757651484800478, 0.8211566327572386]",ga,sigmoid,True,True,1,"[5, 5]",0.001,10
1,1,0.6172164999998131,0.6588295955244129,503.0,100,True,0.1,250,"[-0.4759506499688366, -0.6826320556910688, -0.4437469610112805, -0.0813662255708667, -0.35799891895966574, 0.036785641195074215, -0.4761141488697107, 0.9521705697548672, 0.4656291053809647, -0.7694515466337011, -0.2274498627312811, 0.25700235907942326, -0.7498841473288012, 0.9670972102872823, -0.11355026270974378, 0.5791166840478064, 0.5882371515831732, -0.27747685516513854, -0.167792120858004, 0.1685162562206428, 0.5203435476117149, -0.6243831891471687, -0.42366570437592865, 0.34043771632046815, -0.0007034772559750824, -0.6428626456729458, -0.17371739715068224, -0.6016095295898032, 0.06339880717407342, 0.6647414061359651, -0.6294981098559103, 0.9147184473425214, -0.1491706697109667, 0.008014078322874596, 0.02094189365189414, -0.9684170955763711, 0.4633801373352484, 0.9866100797816586, -0.6742449334604654, -0.7467304406183248, -0.250331630839858, 0.38643888840226137, -0.9941979396625802, -0.26154187548102836, -0.8826413488397749, 0.578672170048224, -0.3004615746000363, 0.40504743942751653, -0.017541845468242778, 0.9457446597376122, 0.6719357600650964, 0.22047466434640284, 0.12903795894907688, 0.9947782864417738, -0.49055172710823847, -0.971244285945351, -0.8219098655950123, 0.8779652010919079, 0.9469187987353844, -0.017036940337160633, -0.31812805669350275, 0.4457152358694667, -0.9782064752597015, 0.5199063552898913, 0.34280557242526144, -0.6191089486073558, 0.33292930513963404, 0.8222448031206269, -0.6757651484800478, 0.8211566327572386]",ga,sigmoid,True,True,1,"[5, 5]",0.001,10
2,2,0.9310801999999967,0.65247229329115,755.0,100,True,0.1,250,"[-0.4759506499688366, -0.6826320556910688, -0.4437469610112805, -0.0813662255708667, -0.35799891895966574, 0.036785641195074215, -0.4761141488697107, 0.9521705697548672, 0.4656291053809647, -0.7694515466337011, -0.2274498627312811, 0.25700235907942326, -0.7498841473288012, 0.9670972102872823, -0.11355026270974378, 0.5791166840478064, 0.5882371515831732, -0.27747685516513854, -0.167792120858004, 0.1685162562206428, 0.5203435476117149, -0.6243831891471687, -0.42366570437592865, 0.34043771632046815, -0.0007034772559750824, -0.6428626456729458, -0.17371739715068224, -0.6016095295898032, 0.06339880717407342, 0.6647414061359651, -0.6294981098559103, 0.9147184473425214, -0.1491706697109667, 0.008014078322874596, 0.02094189365189414, -0.9684170955763711, 0.4633801373352484, 0.9866100797816586, -0.6742449334604654, -0.7467304406183248, -0.250331630839858, 0.38643888840226137, -0.9941979396625802, -0.26154187548102836, -0.8826413488397749, 0.578672170048224, -0.3004615746000363, 0.40504743942751653, -0.017541845468242778, 0.9457446597376122, 0.6719357600650964, 0.22047466434640284, 0.12903795894907688, 0.9947782864417738, -0.49055172710823847, -0.971244285945351, -0.8219098655950123, 0.8779652010919079, 0.9469187987353844, -0.017036940337160633, -0.31812805669350275, 0.4457152358694667, -0.9782064752597015, 0.5199063552898913, 0.34280557242526144, -0.6191089486073558, 0.33292930513963404, 0.8222448031206269, -0.6757651484800478, 0.8211566327572386]",ga,sigmoid,True,True,1,"[5, 5]",0.001,10
3,3,1.2401808999998138,0.65247229329115,1006.0,100,True,0.1,250,"[-0.4759506499688366, -0.6826320556910688, -0.4437469610112805, -0.0813662255708667, -0.35799891895966574, 0.036785641195074215, -0.4761141488697107, 0.9521705697548672, 0.4656291053809647, -0.7694515466337011, -0.2274498627312811, 0.25700235907942326, -0.7498841473288012, 0.9670972102872823, -0.11355026270974378, 0.5791166840478064, 0.5882371515831732, -0.27747685516513854, -0.167792120858004, 0.1685162562206428, 0.5203435476117149, -0.6243831891471687, -0.42366570437592865, 0.34043771632046815, -0.0007034772559750824, -0.6428626456729458, -0.17371739715068224, -0.6016095295898032, 0.06339880717407342, 0.6647414061359651, -0.6294981098559103, 0.9147184473425214, -0.1491706697109667, 0.008014078322874596, 0.02094189365189414, -0.9684170955763711, 0.4633801373352484, 0.9866100797816586, -0.6742449334604654, -0.7467304406183248, -0.250331630839858, 0.38643888840226137, -0.9941979396625802, -0.26154187548102836, -0.8826413488397749, 0.578672170048224, -0.3004615746000363, 0.40504743942751653, -0.017541845468242778, 0.9457446597376122, 0.6719357600650964, 0.22047466434640284, 0.12903795894907688, 0.9947782864417738, -0.49055172710823847, -0.971244285945351, -0.8219098655950123, 0.8779652010919079, 0.9469187987353844, -0.017036940337160633, -0.31812805669350275, 0.4457152358694667, -0.9782064752597015, 0.5199063552898913, 0.34280557242526144, -0.6191089486073558, 0.33292930513963404, 0.8222448031206269, -0.6757651484800478, 0.8211566327572386]",ga,sigmoid,True,True,1,"[5, 5]",0.001,10
4,4,1.54761510000003,0.65247229329115,1257.0,100,True,0.1,250,"[-0.4759506499688366, -0.6826320556910688, -0.4437469610112805, -0.0813662255708667, -0.35799891895966574, 0.036785641195074215, -0.4761141488697107, 0.9521705697548672, 0.4656291053809647, -0.7694515466337011, -0.2274498627312811, 0.25700235907942326, -0.7498841473288012, 0.9670972102872823, -0.11355026270974378, 0.5791166840478064, 0.5882371515831732, -0.27747685516513854, -0.167792120858004, 0.1685162562206428, 0.5203435476117149, -0.6243831891471687, -0.42366570437592865, 0.34043771632046815, -0.0007034772559750824, -0.6428626456729458, -0.17371739715068224, -0.6016095295898032, 0.06339880717407342, 0.6647414061359651, -0.6294981098559103, 0.9147184473425214, -0.1491706697109667, 0.008014078322874596, 0.02094189365189414, -0.9684170955763711, 0.4633801373352484, 0.9866100797816586, -0.6742449334604654, -0.7467304406183248, -0.250331630839858, 0.38643888840226137, -0.9941979396625802, -0.26154187548102836, -0.8826413488397749, 0.578672170048224, -0.3004615746000363, 0.40504743942751653, -0.017541845468242778, 0.9457446597376122, 0.6719357600650964, 0.22047466434640284, 0.12903795894907688, 0.9947782864417738, -0.49055172710823847, -0.971244285945351, -0.8219098655950123, 0.8779652010919079, 0.9469187987353844, -0.017036940337160633, -0.31812805669350275, 0.4457152358694667, -0.9782064752597015, 0.5199063552898913, 0.34280557242526144, -0.6191089486073558, 0.33292930513963404, 0.8222448031206269, -0.6757651484800478, 0.8211566327572386]",ga,sigmoid,True,True,1,"[5, 5]",0.001,10
5,5,1.8632178000000295,0.6481043215942968,1509.0,100,True,0.1,250,"[-0.4759506499688366, -0.6826320556910688, -0.4437469610112805, -0.0813662255708667, -0.35799891895966574, 0.036785641195074215, -0.4761141488697107, 0.9521705697548672, 0.4656291053809647, -0.7694515466337011, -0.2274498627312811, 0.25700235907942326, -0.7498841473288012, 0.9670972102872823, -0.11355026270974378, 0.5791166840478064, 0.5882371515831732, -0.27747685516513854, -0.167792120858004, 0.1685162562206428, 0.5203435476117149, -0.6243831891471687, -0.42366570437592865, 0.34043771632046815, -0.0007034772559750824, -0.6428626456729458, -0.17371739715068224, -0.6016095295898032, 0.06339880717407342, 0.6647414061359651, -0.6294981098559103, 0.9147184473425214, -0.1491706697109667, 0.008014078322874596, 0.02094189365189414, -0.9684170955763711, 0.4633801373352484, 0.9866100797816586, -0.6742449334604654, -0.7467304406183248, -0.250331630839858, 0.38643888840226137, -0.9941979396625802, -0.26154187548102836, -0.8826413488397749, 0.578672170048224, -0.3004615746000363, 0.40504743942751653, -0.017541845468242778, 0.9457446597376122, 0.6719357600650964, 0.22047466434640284, 0.12903795894907688, 0.9947782864417738, -0.49055172710823847, -0.971244285945351, -0.8219098655950123, 0.8779652010919079, 0.9469187987353844, -0.017036940337160633, -0.31812805669350275, 0.4457152358694667, -0.9782064752597015, 0.5199063552898913, 0.34280557242526144, -0.6191089486073558, 0.33292930513963404, 0.8222448031206269, -0.6757651484800478, 0.8211566327572386]",ga,sigmoid,True,True,1,"[5, 5]",0.001,10
6,6,2.170786899999939,0.6481043215942968,1760.0,100,True,0.1,250,"[-0.4759506499688366, -0.6826320556910688, -0.4437469610112805, -0.0813662255708667, -0.35799891895966574, 0.036785641195074215, -0.4761141488697107, 0.9521705697548672, 0.4656291053809647, -0.7694515466337011, -0.2274498627312811, 0.25700235907942326, -0.7498841473288012, 0.9670972102872823, -0.11355026270974378, 0.5791166840478064, 0.5882371515831732, -0.27747685516513854, -0.167792120858004, 0.1685162562206428, 0.5203435476117149, -0.6243831891471687, -0.42366570437592865, 0.34043771632046815, -0.0007034772559750824, -0.6428626456729458, -0.17371739715068224, -0.6016095295898032, 0.06339880717407342, 0.6647414061359651, -0.6294981098559103, 0.9147184473425214, -0.1491706697109667, 0.008014078322874596, 0.02094189365189414, -0.9684170955763711, 0.4633801373352484, 0.9866100797816586, -0.6742449334604654, -0.7467304406183248, -0.250331630839858, 0.38643888840226137, -0.9941979396625802, -0.26154187548102836, -0.8826413488397749, 0.578672170048224, -0.3004615746000363, 0.40504743942751653, -0.017541845468242778, 0.9457446597376122, 0.6719357600650964, 0.22047466434640284, 0.12903795894907688, 0.9947782864417738, -0.49055172710823847, -0.971244285945351, -0.8219098655950123, 0.8779652010919079, 0.9469187987353844, -0.017036940337160633, -0.31812805669350275, 0.4457152358694667, -0.9782064752597015, 0.5199063552898913, 0.34280557242526144, -0.6191089486073558, 0.33292930513963404, 0.8222448031206269, -0.6757651484800478, 0.8211566327572386]",ga,sigmoid,True,True,1,"[5, 5]",0.001,10
7,7,2.4777303999999276,0.6481043215942968,2011.0,100,True,0.1,250,"[-0.4759506499688366, -0.6826320556910688, -0.4437469610112805, -0.0813662255708667, -0.35799891895966574, 0.036785641195074215, -0.4761141488697107, 0.9521705697548672, 0.4656291053809647, -0.7694515466337011, -0.2274498627312811, 0.25700235907942326, -0.7498841473288012, 0.9670972102872823, -0.11355026270974378, 0.5791166840478064, 0.5882371515831732, -0.27747685516513854, -0.167792120858004, 0.1685162562206428, 0.5203435476117149, -0.6243831891471687, -0.42366570437592865, 0.34043771632046815, -0.0007034772559750824, -0.6428626456729458, -0.17371739715068224, -0.6016095295898032, 0.06339880717407342, 0.6647414061359651, -0.6294981098559103, 0.9147184473425214, -0.1491706697109667, 0.008014078322874596, 0.02094189365189414, -0.9684170955763711, 0.4633801373352484, 0.9866100797816586, -0.6742449334604654, -0.7467304406183248, -0.250331630839858, 0.38643888840226137, -0.9941979396625802, -0.26154187548102836, -0.8826413488397749, 0.578672170048224, -0.3004615746000363, 0.40504743942751653, -0.017541845468242778, 0.9457446597376122, 0.6719357600650964, 0.22047466434640284, 0.12903795894907688, 0.9947782864417738, -0.49055172710823847, -0.971244285945351, -0.8219098655950123, 0.8779652010919079, 0.9469187987353844, -0.017036940337160633, -0.31812805669350275, 0.4457152358694667, -0.9782064752597015, 0.5199063552898913, 0.34280557242526144, -0.6191089486073558, 0.33292930513963404, 0.8222448031206269, -0.6757651484800478, 0.8211566327572386]",ga,sigmoid,True,True,1,"[5, 5]",0.001,10
8,8,2.788048599999911,0.6434467396126878,2263.0,100,True,0.1,250,"[-0.4759506499688366, -0.6826320556910688, -0.4437469610112805, -0.0813662255708667, -0.35799891895966574, 0.036785641195074215, -0.4761141488697107, 0.9521705697548672, 0.4656291053809647, -0.7694515466337011, -0.2274498627312811, 0.25700235907942326, -0.7498841473288012, 0.9670972102872823, -0.11355026270974378, 0.5791166840478064, 0.5882371515831732, -0.27747685516513854, -0.167792120858004, 0.1685162562206428, 0.5203435476117149, -0.6243831891471687, -0.42366570437592865, 0.34043771632046815, -0.0007034772559750824, -0.6428626456729458, -0.17371739715068224, -0.6016095295898032, 0.06339880717407342, 0.6647414061359651, -0.6294981098559103, 0.9147184473425214, -0.1491706697109667, 0.008014078322874596, 0.02094189365189414, -0.9684170955763711, 0.4633801373352484, 0.9866100797816586, -0.6742449334604654, -0.7467304406183248, -0.250331630839858, 0.38643888840226137, -0.9941979396625802, -0.26154187548102836, -0.8826413488397749, 0.578672170048224, -0.3004615746000363, 0.40504743942751653, -0.017541845468242778, 0.9457446597376122, 0.6719357600650964, 0.22047466434640284, 0.12903795894907688, 0.9947782864417738, -0.49055172710823847, -0.971244285945351, -0.8219098655950123, 0.8779652010919079, 0.9469187987353844, -0.017036940337160633, -0.31812805669350275, 0.4457152358694667, -0.9782064752597015, 0.5199063552898913, 0.34280557242526144, -0.6191089486073558, 0.33292930513963404, 0.8222448031206269, -0.6757651484800478, 0.8211566327572386]",ga,sigmoid,True,True,1,"[5, 5]",0.001,10
9,9,3.0995666999999685,0.6434467396126878,2514.0,100,True,0.1,250,"[-0.4759506499688366, -0.6826320556910688, -0.4437469610112805, -0.0813662255708667, -0.35799891895966574, 0.036785641195074215, -0.4761141488697107, 0.9521705697548672, 0.4656291053809647, -0.7694515466337011, -0.2274498627312811, 0.25700235907942326, -0.7498841473288012, 0.9670972102872823, -0.11355026270974378, 0.5791166840478064, 0.5882371515831732, -0.27747685516513854, -0.167792120858004, 0.1685162562206428, 0.5203435476117149, -0.6243831891471687, -0.42366570437592865, 0.34043771632046815, -0.0007034772559750824, -0.6428626456729458, -0.17371739715068224, -0.6016095295898032, 0.06339880717407342, 0.6647414061359651, -0.6294981098559103, 0.9147184473425214, -0.1491706697109667, 0.008014078322874596, 0.02094189365189414, -0.9684170955763711, 0.4633801373352484, 0.9866100797816586, -0.6742449334604654, -0.7467304406183248, -0.250331630839858, 0.38643888840226137, -0.9941979396625802, -0.26154187548102836, -0.8826413488397749, 0.578672170048224, -0.3004615746000363, 0.40504743942751653, -0.017541845468242778, 0.9457446597376122, 0.6719357600650964, 0.22047466434640284, 0.12903795894907688, 0.9947782864417738, -0.49055172710823847, -0.971244285945351, -0.8219098655950123, 0.8779652010919079, 0.9469187987353844, -0.017036940337160633, -0.31812805669350275, 0.4457152358694667, -0.9782064752597015, 0.5199063552898913, 0.34280557242526144, -0.6191089486073558, 0.33292930513963404, 0.8222448031206269, -0.6757651484800478, 0.8211566327572386]",ga,sigmoid,True,True,1,"[5, 5]",0.001,10
10,10,3.4081225999998424,0.6434467396126878,2765.0,100,True,0.1,250,"[-0.4759506499688366, -0.6826320556910688, -0.4437469610112805, -0.0813662255708667, -0.35799891895966574, 0.036785641195074215, -0.4761141488697107, 0.9521705697548672, 0.4656291053809647, -0.7694515466337011, -0.2274498627312811, 0.25700235907942326, -0.7498841473288012, 0.9670972102872823, -0.11355026270974378, 0.5791166840478064, 0.5882371515831732, -0.27747685516513854, -0.167792120858004, 0.1685162562206428, 0.5203435476117149, -0.6243831891471687, -0.42366570437592865, 0.34043771632046815, -0.0007034772559750824, -0.6428626456729458, -0.17371739715068224, -0.6016095295898032, 0.06339880717407342, 0.6647414061359651, -0.6294981098559103, 0.9147184473425214, -0.1491706697109667, 0.008014078322874596, 0.02094189365189414, -0.9684170955763711, 0.4633801373352484, 0.9866100797816586, -0.6742449334604654, -0.7467304406183248, -0.250331630839858, 0.38643888840226137, -0.9941979396625802, -0.26154187548102836, -0.8826413488397749, 0.578672170048224, -0.3004615746000363, 0.40504743942751653, -0.017541845468242778, 0.9457446597376122, 0.6719357600650964, 0.22047466434640284, 0.12903795894907688, 0.9947782864417738, -0.49055172710823847, -0.971244285945351, -0.8219098655950123, 0.8779652010919079, 0.9469187987353844, -0.017036940337160633, -0.31812805669350275, 0.4457152358694667, -0.9782064752597015, 0.5199063552898913, 0.34280557242526144, -0.6191089486073558, 0.33292930513963404, 0.8222448031206269, -0.6757651484800478, 0.8211566327572386]",ga,sigmoid,True,True,1,"[5, 5]",0.001,10
11,11,3.7147699999998167,0.6434467396126878,3016.0,100,True,0.1,250,"[-0.4759506499688366, -0.6826320556910688, -0.4437469610112805, -0.0813662255708667, -0.35799891895966574, 0.036785641195074215, -0.4761141488697107, 0.9521705697548672, 0.4656291053809647, -0.7694515466337011, -0.2274498627312811, 0.25700235907942326, -0.7498841473288012, 0.9670972102872823, -0.11355026270974378, 0.5791166840478064, 0.5882371515831732, -0.27747685516513854, -0.167792120858004, 0.1685162562206428, 0.5203435476117149, -0.6243831891471687, -0.42366570437592865, 0.34043771632046815, -0.0007034772559750824, -0.6428626456729458, -0.17371739715068224, -0.6016095295898032, 0.06339880717407342, 0.6647414061359651, -0.6294981098559103, 0.9147184473425214, -0.1491706697109667, 0.008014078322874596, 0.02094189365189414, -0.9684170955763711, 0.4633801373352484, 0.9866100797816586, -0.6742449334604654, -0.7467304406183248, -0.250331630839858, 0.38643888840226137, -0.9941979396625802, -0.26154187548102836, -0.8826413488397749, 0.578672170048224, -0.3004615746000363, 0.40504743942751653, -0.017541845468242778, 0.9457446597376122, 0.6719357600650964, 0.22047466434640284, 0.12903795894907688, 0.9947782864417738, -0.49055172710823847, -0.971244285945351, -0.8219098655950123, 0.8779652010919079, 0.9469187987353844, -0.017036940337160633, -0.31812805669350275, 0.4457152358694667, -0.9782064752597015, 0.5199063552898913, 0.34280557242526144, -0.6191089486073558, 0.33292930513963404, 0.8222448031206269, -0.6757651484800478, 0.8211566327572386]",ga,sigmoid,True,True,1,"[5, 5]",0.001,10
12,12,4.023381399999835,0.6434467396126878,3267.0,100,True,0.1,250,"[-0.4759506499688366, -0.6826320556910688, -0.4437469610112805, -0.0813662255708667, -0.35799891895966574, 0.036785641195074215, -0.4761141488697107, 0.9521705697548672, 0.4656291053809647, -0.7694515466337011, -0.2274498627312811, 0.25700235907942326, -0.7498841473288012, 0.9670972102872823, -0.11355026270974378, 0.5791166840478064, 0.5882371515831732, -0.27747685516513854, -0.167792120858004, 0.1685162562206428, 0.5203435476117149, -0.6243831891471687, -0.42366570437592865, 0.34043771632046815, -0.0007034772559750824, -0.6428626456729458, -0.17371739715068224, -0.6016095295898032, 0.06339880717407342, 0.6647414061359651, -0.6294981098559103, 0.9147184473425214, -0.1491706697109667, 0.008014078322874596, 0.02094189365189414, -0.9684170955763711, 0.4633801373352484, 0.9866100797816586, -0.6742449334604654, -0.7467304406183248, -0.250331630839858, 0.38643888840226137, -0.9941979396625802, -0.26154187548102836, -0.8826413488397749, 0.578672170048224, -0.3004615746000363, 0.40504743942751653, -0.017541845468242778, 0.9457446597376122, 0.6719357600650964, 0.22047466434640284, 0.12903795894907688, 0.9947782864417738, -0.49055172710823847, -0.971244285945351, -0.8219098655950123, 0.8779652010919079, 0.9469187987353844, -0.017036940337160633, -0.31812805669350275, 0.4457152358694667, -0.9782064752597015, 0.5199063552898913, 0.34280557242526144, -0.6191089486073558, 0.33292930513963404, 0.8222448031206269, -0.6757651484800478, 0.8211566327572386]",ga,sigmoid,True,True,1,"[5, 5]",0.001,10
13,13,4.33189369999991,0.6316282648516716,3519.0,100,True,0.1,250,"[-0.4759506499688366, -0.6826320556910688, -0.4437469610112805, -0.0813662255708667, -0.35799891895966574, 0.036785641195074215, -0.4761141488697107, 0.9521705697548672, 0.4656291053809647, -0.7694515466337011, -0.2274498627312811, 0.25700235907942326, -0.7498841473288012, 0.9670972102872823, -0.11355026270974378, 0.5791166840478064, 0.5882371515831732, -0.27747685516513854, -0.167792120858004, 0.1685162562206428, 0.5203435476117149, -0.6243831891471687, -0.42366570437592865, 0.34043771632046815, -0.0007034772559750824, -0.6428626456729458, -0.17371739715068224, -0.6016095295898032, 0.06339880717407342, 0.6647414061359651, -0.6294981098559103, 0.9147184473425214, -0.1491706697109667, 0.008014078322874596, 0.02094189365189414, -0.9684170955763711, 0.4633801373352484, 0.9866100797816586, -0.6742449334604654, -0.7467304406183248, -0.250331630839858, 0.38643888840226137, -0.9941979396625802, -0.26154187548102836, -0.8826413488397749, 0.578672170048224, -0.3004615746000363, 0.40504743942751653, -0.017541845468242778, 0.9457446597376122, 0.6719357600650964, 0.22047466434640284, 0.12903795894907688, 0.9947782864417738, -0.49055172710823847, -0.971244285945351, -0.8219098655950123, 0.8779652010919079, 0.9469187987353844, -0.017036940337160633, -0.31812805669350275, 0.4457152358694667, -0.9782064752597015, 0.5199063552898913, 0.34280557242526144, -0.6191089486073558, 0.33292930513963404, 0.8222448031206269, -0.6757651484800478, 0.8211566327572386]",ga,sigmoid,True,True,1,"[5, 5]",0.001,10
14,14,4.639172599999938,0.6316282648516716,3770.0,100,True,0.1,250,"[-0.4759506499688366, -0.6826320556910688, -0.4437469610112805, -0.0813662255708667, -0.35799891895966574, 0.036785641195074215, -0.4761141488697107, 0.9521705697548672, 0.4656291053809647, -0.7694515466337011, -0.2274498627312811, 0.25700235907942326, -0.7498841473288012, 0.9670972102872823, -0.11355026270974378, 0.5791166840478064, 0.5882371515831732, -0.27747685516513854, -0.167792120858004, 0.1685162562206428, 0.5203435476117149, -0.6243831891471687, -0.42366570437592865, 0.34043771632046815, -0.0007034772559750824, -0.6428626456729458, -0.17371739715068224, -0.6016095295898032, 0.06339880717407342, 0.6647414061359651, -0.6294981098559103, 0.9147184473425214, -0.1491706697109667, 0.008014078322874596, 0.02094189365189414, -0.9684170955763711, 0.4633801373352484, 0.9866100797816586, -0.6742449334604654, -0.7467304406183248, -0.250331630839858, 0.38643888840226137, -0.9941979396625802, -0.26154187548102836, -0.8826413488397749, 0.578672170048224, -0.3004615746000363, 0.40504743942751653, -0.017541845468242778, 0.9457446597376122, 0.6719357600650964, 0.22047466434640284, 0.12903795894907688, 0.9947782864417738, -0.49055172710823847, -0.971244285945351, -0.8219098655950123, 0.8779652010919079, 0.9469187987353844, -0.017036940337160633, -0.31812805669350275, 0.4457152358694667, -0.9782064752597015, 0.5199063552898913, 0.34280557242526144, -0.6191089486073558, 0.33292930513963404, 0.8222448031206269, -0.6757651484800478, 0.8211566327572386]",ga,sigmoid,True,True,1,"[5, 5]",0.001,10
15,15,4.9467515999999705,0.6316282648516716,4021.0,100,True,0.1,250,"[-0.4759506499688366, -0.6826320556910688, -0.4437469610112805, -0.0813662255708667, -0.35799891895966574, 0.036785641195074215, -0.4761141488697107, 0.9521705697548672, 0.4656291053809647, -0.7694515466337011, -0.2274498627312811, 0.25700235907942326, -0.7498841473288012, 0.9670972102872823, -0.11355026270974378, 0.5791166840478064, 0.5882371515831732, -0.27747685516513854, -0.167792120858004, 0.1685162562206428, 0.5203435476117149, -0.6243831891471687, -0.42366570437592865, 0.34043771632046815, -0.0007034772559750824, -0.6428626456729458, -0.17371739715068224, -0.6016095295898032, 0.06339880717407342, 0.6647414061359651, -0.6294981098559103, 0.9147184473425214, -0.1491706697109667, 0.008014078322874596, 0.02094189365189414, -0.9684170955763711, 0.4633801373352484, 0.9866100797816586, -0.6742449334604654, -0.7467304406183248, -0.250331630839858, 0.38643888840226137, -0.9941979396625802, -0.26154187548102836, -0.8826413488397749, 0.578672170048224, -0.3004615746000363, 0.40504743942751653, -0.017541845468242778, 0.9457446597376122, 0.6719357600650964, 0.22047466434640284, 0.12903795894907688, 0.9947782864417738, -0.49055172710823847, -0.971244285945351, -0.8219098655950123, 0.8779652010919079, 0.9469187987353844, -0.017036940337160633, -0.31812805669350275, 0.4457152358694667, -0.9782064752597015, 0.5199063552898913, 0.34280557242526144, -0.6191089486073558, 0.33292930513963404, 0.8222448031206269, -0.6757651484800478, 0.8211566327572386]",ga,sigmoid,True,True,1,"[5, 5]",0.001,10
16,16,5.254066299999977,0.6316282648516716,4272.0,100,True,0.1,250,"[-0.4759506499688366, -0.6826320556910688, -0.4437469610112805, -0.0813662255708667, -0.35799891895966574, 0.036785641195074215, -0.4761141488697107, 0.9521705697548672, 0.4656291053809647, -0.7694515466337011, -0.2274498627312811, 0.25700235907942326, -0.7498841473288012, 0.9670972102872823, -0.11355026270974378, 0.5791166840478064, 0.5882371515831732, -0.27747685516513854, -0.167792120858004, 0.1685162562206428, 0.5203435476117149, -0.6243831891471687, -0.42366570437592865, 0.34043771632046815, -0.0007034772559750824, -0.6428626456729458, -0.17371739715068224, -0.6016095295898032, 0.06339880717407342, 0.6647414061359651, -0.6294981098559103, 0.9147184473425214, -0.1491706697109667, 0.008014078322874596, 0.02094189365189414, -0.9684170955763711, 0.4633801373352484, 0.9866100797816586, -0.6742449334604654, -0.7467304406183248, -0.250331630839858, 0.38643888840226137, -0.9941979396625802, -0.26154187548102836, -0.8826413488397749, 0.578672170048224, -0.3004615746000363, 0.40504743942751653, -0.017541845468242778, 0.9457446597376122, 0.6719357600650964, 0.22047466434640284, 0.12903795894907688, 0.9947782864417738, -0.49055172710823847, -0.971244285945351, -0.8219098655950123, 0.8779652010919079, 0.9469187987353844, -0.017036940337160633, -0.31812805669350275, 0.4457152358694667, -0.9782064752597015, 0.5199063552898913, 0.34280557242526144, -0.6191089486073558, 0.33292930513963404, 0.8222448031206269, -0.6757651484800478, 0.8211566327572386]",ga,sigmoid,True,True,1,"[5, 5]",0.001,10
17,17,5.565864899999951,0.6316282648516716,4523.0,100,True,0.1,250,"[-0.4759506499688366, -0.6826320556910688, -0.4437469610112805, -0.0813662255708667, -0.35799891895966574, 0.036785641195074215, -0.4761141488697107, 0.9521705697548672, 0.4656291053809647, -0.7694515466337011, -0.2274498627312811, 0.25700235907942326, -0.7498841473288012, 0.9670972102872823, -0.11355026270974378, 0.5791166840478064, 0.5882371515831732, -0.27747685516513854, -0.167792120858004, 0.1685162562206428, 0.5203435476117149, -0.6243831891471687, -0.42366570437592865, 0.34043771632046815, -0.0007034772559750824, -0.6428626456729458, -0.17371739715068224, -0.6016095295898032, 0.06339880717407342, 0.6647414061359651, -0.6294981098559103, 0.9147184473425214, -0.1491706697109667, 0.008014078322874596, 0.02094189365189414, -0.9684170955763711, 0.4633801373352484, 0.9866100797816586, -0.6742449334604654, -0.7467304406183248, -0.250331630839858, 0.38643888840226137, -0.9941979396625802, -0.26154187548102836, -0.8826413488397749, 0.578672170048224, -0.3004615746000363, 0.40504743942751653, -0.017541845468242778, 0.9457446597376122, 0.6719357600650964, 0.22047466434640284, 0.12903795894907688, 0.9947782864417738, -0.49055172710823847, -0.971244285945351, -0.8219098655950123, 0.8779652010919079, 0.9469187987353844, -0.017036940337160633, -0.31812805669350275, 0.4457152358694667, -0.9782064752597015, 0.5199063552898913, 0.34280557242526144, -0.6191089486073558, 0.33292930513963404, 0.8222448031206269, -0.6757651484800478, 0.8211566327572386]",ga,sigmoid,True,True,1,"[5, 5]",0.001,10
18,18,5.873248599999897,0.6316282648516716,4774.0,100,True,0.1,250,"[-0.4759506499688366, -0.6826320556910688, -0.4437469610112805, -0.0813662255708667, -0.35799891895966574, 0.036785641195074215, -0.4761141488697107, 0.9521705697548672, 0.4656291053809647, -0.7694515466337011, -0.2274498627312811, 0.25700235907942326, -0.7498841473288012, 0.9670972102872823, -0.11355026270974378, 0.5791166840478064, 0.5882371515831732, -0.27747685516513854, -0.167792120858004, 0.1685162562206428, 0.5203435476117149, -0.6243831891471687, -0.42366570437592865, 0.34043771632046815, -0.0007034772559750824, -0.6428626456729458, -0.17371739715068224, -0.6016095295898032, 0.06339880717407342, 0.6647414061359651, -0.6294981098559103, 0.9147184473425214, -0.1491706697109667, 0.008014078322874596, 0.02094189365189414, -0.9684170955763711, 0.4633801373352484, 0.9866100797816586, -0.6742449334604654, -0.7467304406183248, -0.250331630839858, 0.38643888840226137, -0.9941979396625802, -0.26154187548102836, -0.8826413488397749, 0.578672170048224, -0.3004615746000363, 0.40504743942751653, -0.017541845468242778, 0.9457446597376122, 0.6719357600650964, 0.22047466434640284, 0.12903795894907688, 0.9947782864417738, -0.49055172710823847, -0.971244285945351, -0.8219098655950123, 0.8779652010919079, 0.9469187987353844, -0.017036940337160633, -0.31812805669350275, 0.4457152358694667, -0.9782064752597015, 0.5199063552898913, 0.34280557242526144, -0.6191089486073558, 0.33292930513963404, 0.8222448031206269, -0.6757651484800478, 0.8211566327572386]",ga,sigmoid,True,True,1,"[5, 5]",0.001,10
19,19,6.1802814999998645,0.6283458737562893,5026.0,100,True,0.1,250,"[-0.4759506499688366, -0.6826320556910688, -0.4437469610112805, -0.0813662255708667, -0.35799891895966574, 0.036785641195074215, -0.4761141488697107, 0.9521705697548672, 0.4656291053809647, -0.7694515466337011, -0.2274498627312811, 0.25700235907942326, -0.7498841473288012, 0.9670972102872823, -0.11355026270974378, 0.5791166840478064, 0.5882371515831732, -0.27747685516513854, -0.167792120858004, 0.1685162562206428, 0.5203435476117149, -0.6243831891471687, -0.42366570437592865, 0.34043771632046815, -0.0007034772559750824, -0.6428626456729458, -0.17371739715068224, -0.6016095295898032, 0.06339880717407342, 0.6647414061359651, -0.6294981098559103, 0.9147184473425214, -0.1491706697109667, 0.008014078322874596, 0.02094189365189414, -0.9684170955763711, 0.4633801373352484, 0.9866100797816586, -0.6742449334604654, -0.7467304406183248, -0.250331630839858, 0.38643888840226137, -0.9941979396625802, -0.26154187548102836, -0.8826413488397749, 0.578672170048224, -0.3004615746000363, 0.40504743942751653, -0.017541845468242778, 0.9457446597376122, 0.6719357600650964, 0.22047466434640284, 0.12903795894907688, 0.9947782864417738, -0.49055172710823847, -0.971244285945351, -0.8219098655950123, 0.8779652010919079, 0.9469187987353844, -0.017036940337160633, -0.31812805669350275, 0.4457152358694667, -0.9782064752597015, 0.5199063552898913, 0.34280557242526144, -0.6191089486073558, 0.33292930513963404, 0.8222448031206269, -0.6757651484800478, 0.8211566327572386]",ga,sigmoid,True,True,1,"[5, 5]",0.001,10
20,20,6.486833999999817,0.6283458737562893,5277.0,100,True,0.1,250,"[-0.4759506499688366, -0.6826320556910688, -0.4437469610112805, -0.0813662255708667, -0.35799891895966574, 0.036785641195074215, -0.4761141488697107, 0.9521705697548672, 0.4656291053809647, -0.7694515466337011, -0.2274498627312811, 0.25700235907942326, -0.7498841473288012, 0.9670972102872823, -0.11355026270974378, 0.5791166840478064, 0.5882371515831732, -0.27747685516513854, -0.167792120858004, 0.1685162562206428, 0.5203435476117149, -0.6243831891471687, -0.42366570437592865, 0.34043771632046815, -0.0007034772559750824, -0.6428626456729458, -0.17371739715068224, -0.6016095295898032, 0.06339880717407342, 0.6647414061359651, -0.6294981098559103, 0.9147184473425214, -0.1491706697109667, 0.008014078322874596, 0.02094189365189414, -0.9684170955763711, 0.4633801373352484, 0.9866100797816586, -0.6742449334604654, -0.7467304406183248, -0.250331630839858, 0.38643888840226137, -0.9941979396625802, -0.26154187548102836, -0.8826413488397749, 0.578672170048224, -0.3004615746000363, 0.40504743942751653, -0.017541845468242778, 0.9457446597376122, 0.6719357600650964, 0.22047466434640284, 0.12903795894907688, 0.9947782864417738, -0.49055172710823847, -0.971244285945351, -0.8219098655950123, 0.8779652010919079, 0.9469187987353844, -0.017036940337160633, -0.31812805669350275, 0.4457152358694667, -0.9782064752597015, 0.5199063552898913, 0.34280557242526144, -0.6191089486073558, 0.33292930513963404, 0.8222448031206269, -0.6757651484800478, 0.8211566327572386]",ga,sigmoid,True,True,1,"[5, 5]",0.001,10
21,21,6.794413099999929,0.6283458737562893,5528.0,100,True,0.1,250,"[-0.4759506499688366, -0.6826320556910688, -0.4437469610112805, -0.0813662255708667, -0.35799891895966574, 0.036785641195074215, -0.4761141488697107, 0.9521705697548672, 0.4656291053809647, -0.7694515466337011, -0.2274498627312811, 0.25700235907942326, -0.7498841473288012, 0.9670972102872823, -0.11355026270974378, 0.5791166840478064, 0.5882371515831732, -0.27747685516513854, -0.167792120858004, 0.1685162562206428, 0.5203435476117149, -0.6243831891471687, -0.42366570437592865, 0.34043771632046815, -0.0007034772559750824, -0.6428626456729458, -0.17371739715068224, -0.6016095295898032, 0.06339880717407342, 0.6647414061359651, -0.6294981098559103, 0.9147184473425214, -0.1491706697109667, 0.008014078322874596, 0.02094189365189414, -0.9684170955763711, 0.4633801373352484, 0.9866100797816586, -0.6742449334604654, -0.7467304406183248, -0.250331630839858, 0.38643888840226137, -0.9941979396625802, -0.26154187548102836, -0.8826413488397749, 0.578672170048224, -0.3004615746000363, 0.40504743942751653, -0.017541845468242778, 0.9457446597376122, 0.6719357600650964, 0.22047466434640284, 0.12903795894907688, 0.9947782864417738, -0.49055172710823847, -0.971244285945351, -0.8219098655950123, 0.8779652010919079, 0.9469187987353844, -0.017036940337160633, -0.31812805669350275, 0.4457152358694667, -0.9782064752597015, 0.5199063552898913, 0.34280557242526144, -0.6191089486073558, 0.33292930513963404, 0.8222448031206269, -0.6757651484800478, 0.8211566327572386]",ga,sigmoid,True,True,1,"[5, 5]",0.001,10
22,22,7.103119399999969,0.5985792221514071,5780.0,100,True,0.1,250,"[-0.4759506499688366, -0.6826320556910688, -0.4437469610112805, -0.0813662255708667, -0.35799891895966574, 0.036785641195074215, -0.4761141488697107, 0.9521705697548672, 0.4656291053809647, -0.7694515466337011, -0.2274498627312811, 0.25700235907942326, -0.7498841473288012, 0.9670972102872823, -0.11355026270974378, 0.5791166840478064, 0.5882371515831732, -0.27747685516513854, -0.167792120858004, 0.1685162562206428, 0.5203435476117149, -0.6243831891471687, -0.42366570437592865, 0.34043771632046815, -0.0007034772559750824, -0.6428626456729458, -0.17371739715068224, -0.6016095295898032, 0.06339880717407342, 0.6647414061359651, -0.6294981098559103, 0.9147184473425214, -0.1491706697109667, 0.008014078322874596, 0.02094189365189414, -0.9684170955763711, 0.4633801373352484, 0.9866100797816586, -0.6742449334604654, -0.7467304406183248, -0.250331630839858, 0.38643888840226137, -0.9941979396625802, -0.26154187548102836, -0.8826413488397749, 0.578672170048224, -0.3004615746000363, 0.40504743942751653, -0.017541845468242778, 0.9457446597376122, 0.6719357600650964, 0.22047466434640284, 0.12903795894907688, 0.9947782864417738, -0.49055172710823847, -0.971244285945351, -0.8219098655950123, 0.8779652010919079, 0.9469187987353844, -0.017036940337160633, -0.31812805669350275, 0.4457152358694667, -0.9782064752597015, 0.5199063552898913, 0.34280557242526144, -0.6191089486073558, 0.33292930513963404, 0.8222448031206269, -0.6757651484800478, 0.8211566327572386]",ga,sigmoid,True,True,1,"[5, 5]",0.001,10
23,23,7.409582300000011,0.5985792221514071,6031.0,100,True,0.1,250,"[-0.4759506499688366, -0.6826320556910688, -0.4437469610112805, -0.0813662255708667, -0.35799891895966574, 0.036785641195074215, -0.4761141488697107, 0.9521705697548672, 0.4656291053809647, -0.7694515466337011, -0.2274498627312811, 0.25700235907942326, -0.7498841473288012, 0.9670972102872823, -0.11355026270974378, 0.5791166840478064, 0.5882371515831732, -0.27747685516513854, -0.167792120858004, 0.1685162562206428, 0.5203435476117149, -0.6243831891471687, -0.42366570437592865, 0.34043771632046815, -0.0007034772559750824, -0.6428626456729458, -0.17371739715068224, -0.6016095295898032, 0.06339880717407342, 0.6647414061359651, -0.6294981098559103, 0.9147184473425214, -0.1491706697109667, 0.008014078322874596, 0.02094189365189414, -0.9684170955763711, 0.4633801373352484, 0.9866100797816586, -0.6742449334604654, -0.7467304406183248, -0.250331630839858, 0.38643888840226137, -0.9941979396625802, -0.26154187548102836, -0.8826413488397749, 0.578672170048224, -0.3004615746000363, 0.40504743942751653, -0.017541845468242778, 0.9457446597376122, 0.6719357600650964, 0.22047466434640284, 0.12903795894907688, 0.9947782864417738, -0.49055172710823847, -0.971244285945351, -0.8219098655950123, 0.8779652010919079, 0.9469187987353844, -0.017036940337160633, -0.31812805669350275, 0.4457152358694667, -0.9782064752597015, 0.5199063552898913, 0.34280557242526144, -0.6191089486073558, 0.33292930513963404, 0.8222448031206269, -0.6757651484800478, 0.8211566327572386]",ga,sigmoid,True,True,1,"[5, 5]",0.001,10
24,24,7.716026800000009,0.5985792221514071,6282.0,100,True,0.1,250,"[-0.4759506499688366, -0.6826320556910688, -0.4437469610112805, -0.0813662255708667, -0.35799891895966574, 0.036785641195074215, -0.4761141488697107, 0.9521705697548672, 0.4656291053809647, -0.7694515466337011, -0.2274498627312811, 0.25700235907942326, -0.7498841473288012, 0.9670972102872823, -0.11355026270974378, 0.5791166840478064, 0.5882371515831732, -0.27747685516513854, -0.167792120858004, 0.1685162562206428, 0.5203435476117149, -0.6243831891471687, -0.42366570437592865, 0.34043771632046815, -0.0007034772559750824, -0.6428626456729458, -0.17371739715068224, -0.6016095295898032, 0.06339880717407342, 0.6647414061359651, -0.6294981098559103, 0.9147184473425214, -0.1491706697109667, 0.008014078322874596, 0.02094189365189414, -0.9684170955763711, 0.4633801373352484, 0.9866100797816586, -0.6742449334604654, -0.7467304406183248, -0.250331630839858, 0.38643888840226137, -0.9941979396625802, -0.26154187548102836, -0.8826413488397749, 0.578672170048224, -0.3004615746000363, 0.40504743942751653, -0.017541845468242778, 0.9457446597376122, 0.6719357600650964, 0.22047466434640284, 0.12903795894907688, 0.9947782864417738, -0.49055172710823847, -0.971244285945351, -0.8219098655950123, 0.8779652010919079, 0.9469187987353844, -0.017036940337160633, -0.31812805669350275, 0.4457152358694667, -0.9782064752597015, 0.5199063552898913, 0.34280557242526144, -0.6191089486073558, 0.33292930513963404, 0.8222448031206269, -0.6757651484800478, 0.8211566327572386]",ga,sigmoid,True,True,1,"[5, 5]",0.001,10
25,25,8.02317149999999,0.5985792221514071,6533.0,100,True,0.1,250,"[-0.4759506499688366, -0.6826320556910688, -0.4437469610112805, -0.0813662255708667, -0.35799891895966574, 0.036785641195074215, -0.4761141488697107, 0.9521705697548672, 0.4656291053809647, -0.7694515466337011, -0.2274498627312811, 0.25700235907942326, -0.7498841473288012, 0.9670972102872823, -0.11355026270974378, 0.5791166840478064, 0.5882371515831732, -0.27747685516513854, -0.167792120858004, 0.1685162562206428, 0.5203435476117149, -0.6243831891471687, -0.42366570437592865, 0.34043771632046815, -0.0007034772559750824, -0.6428626456729458, -0.17371739715068224, -0.6016095295898032, 0.06339880717407342, 0.6647414061359651, -0.6294981098559103, 0.9147184473425214, -0.1491706697109667, 0.008014078322874596, 0.02094189365189414, -0.9684170955763711, 0.4633801373352484, 0.9866100797816586, -0.6742449334604654, -0.7467304406183248, -0.250331630839858, 0.38643888840226137, -0.9941979396625802, -0.26154187548102836, -0.8826413488397749, 0.578672170048224, -0.3004615746000363, 0.40504743942751653, -0.017541845468242778, 0.9457446597376122, 0.6719357600650964, 0.22047466434640284, 0.12903795894907688, 0.9947782864417738, -0.49055172710823847, -0.971244285945351, -0.8219098655950123, 0.8779652010919079, 0.9469187987353844, -0.017036940337160633, -0.31812805669350275, 0.4457152358694667, -0.9782064752597015, 0.5199063552898913, 0.34280557242526144, -0.6191089486073558, 0.33292930513963404, 0.8222448031206269, -0.6757651484800478, 0.8211566327572386]",ga,sigmoid,True,True,1,"[5, 5]",0.001,10
26,26,8.32922829999984,0.5985792221514071,6784.0,100,True,0.1,250,"[-0.4759506499688366, -0.6826320556910688, -0.4437469610112805, -0.0813662255708667, -0.35799891895966574, 0.036785641195074215, -0.4761141488697107, 0.9521705697548672, 0.4656291053809647, -0.7694515466337011, -0.2274498627312811, 0.25700235907942326, -0.7498841473288012, 0.9670972102872823, -0.11355026270974378, 0.5791166840478064, 0.5882371515831732, -0.27747685516513854, -0.167792120858004, 0.1685162562206428, 0.5203435476117149, -0.6243831891471687, -0.42366570437592865, 0.34043771632046815, -0.0007034772559750824, -0.6428626456729458, -0.17371739715068224, -0.6016095295898032, 0.06339880717407342, 0.6647414061359651, -0.6294981098559103, 0.9147184473425214, -0.1491706697109667, 0.008014078322874596, 0.02094189365189414, -0.9684170955763711, 0.4633801373352484, 0.9866100797816586, -0.6742449334604654, -0.7467304406183248, -0.250331630839858, 0.38643888840226137, -0.9941979396625802, -0.26154187548102836, -0.8826413488397749, 0.578672170048224, -0.3004615746000363, 0.40504743942751653, -0.017541845468242778, 0.9457446597376122, 0.6719357600650964, 0.22047466434640284, 0.12903795894907688, 0.9947782864417738, -0.49055172710823847, -0.971244285945351, -0.8219098655950123, 0.8779652010919079, 0.9469187987353844, -0.017036940337160633, -0.31812805669350275, 0.4457152358694667, -0.9782064752597015, 0.5199063552898913, 0.34280557242526144, -0.6191089486073558, 0.33292930513963404, 0.8222448031206269, -0.6757651484800478, 0.8211566327572386]",ga,sigmoid,True,True,1,"[5, 5]",0.001,10
27,27,8.636277199999995,0.5985792221514071,7035.0,100,True,0.1,250,"[-0.4759506499688366, -0.6826320556910688, -0.4437469610112805, -0.0813662255708667, -0.35799891895966574, 0.036785641195074215, -0.4761141488697107, 0.9521705697548672, 0.4656291053809647, -0.7694515466337011, -0.2274498627312811, 0.25700235907942326, -0.7498841473288012, 0.9670972102872823, -0.11355026270974378, 0.5791166840478064, 0.5882371515831732, -0.27747685516513854, -0.167792120858004, 0.1685162562206428, 0.5203435476117149, -0.6243831891471687, -0.42366570437592865, 0.34043771632046815, -0.0007034772559750824, -0.6428626456729458, -0.17371739715068224, -0.6016095295898032, 0.06339880717407342, 0.6647414061359651, -0.6294981098559103, 0.9147184473425214, -0.1491706697109667, 0.008014078322874596, 0.02094189365189414, -0.9684170955763711, 0.4633801373352484, 0.9866100797816586, -0.6742449334604654, -0.7467304406183248, -0.250331630839858, 0.38643888840226137, -0.9941979396625802, -0.26154187548102836, -0.8826413488397749, 0.578672170048224, -0.3004615746000363, 0.40504743942751653, -0.017541845468242778, 0.9457446597376122, 0.6719357600650964, 0.22047466434640284, 0.12903795894907688, 0.9947782864417738, -0.49055172710823847, -0.971244285945351, -0.8219098655950123, 0.8779652010919079, 0.9469187987353844, -0.017036940337160633, -0.31812805669350275, 0.4457152358694667, -0.9782064752597015, 0.5199063552898913, 0.34280557242526144, -0.6191089486073558, 0.33292930513963404, 0.8222448031206269, -0.6757651484800478, 0.8211566327572386]",ga,sigmoid,True,True,1,"[5, 5]",0.001,10
28,28,8.94786709999994,0.5956034982200994,7287.0,100,True,0.1,250,"[-0.4759506499688366, -0.6826320556910688, -0.4437469610112805, -0.0813662255708667, -0.35799891895966574, 0.036785641195074215, -0.4761141488697107, 0.9521705697548672, 0.4656291053809647, -0.7694515466337011, -0.2274498627312811, 0.25700235907942326, -0.7498841473288012, 0.9670972102872823, -0.11355026270974378, 0.5791166840478064, 0.5882371515831732, -0.27747685516513854, -0.167792120858004, 0.1685162562206428, 0.5203435476117149, -0.6243831891471687, -0.42366570437592865, 0.34043771632046815, -0.0007034772559750824, -0.6428626456729458, -0.17371739715068224, -0.6016095295898032, 0.06339880717407342, 0.6647414061359651, -0.6294981098559103, 0.9147184473425214, -0.1491706697109667, 0.008014078322874596, 0.02094189365189414, -0.9684170955763711, 0.4633801373352484, 0.9866100797816586, -0.6742449334604654, -0.7467304406183248, -0.250331630839858, 0.38643888840226137, -0.9941979396625802, -0.26154187548102836, -0.8826413488397749, 0.578672170048224, -0.3004615746000363, 0.40504743942751653, -0.017541845468242778, 0.9457446597376122, 0.6719357600650964, 0.22047466434640284, 0.12903795894907688, 0.9947782864417738, -0.49055172710823847, -0.971244285945351, -0.8219098655950123, 0.8779652010919079, 0.9469187987353844, -0.017036940337160633, -0.31812805669350275, 0.4457152358694667, -0.9782064752597015, 0.5199063552898913, 0.34280557242526144, -0.6191089486073558, 0.33292930513963404, 0.8222448031206269, -0.6757651484800478, 0.8211566327572386]",ga,sigmoid,True,True,1,"[5, 5]",0.001,10
29,29,9.255554399999937,0.5956034982200994,7538.0,100,True,0.1,250,"[-0.4759506499688366, -0.6826320556910688, -0.4437469610112805, -0.0813662255708667, -0.35799891895966574, 0.036785641195074215, -0.4761141488697107, 0.9521705697548672, 0.4656291053809647, -0.7694515466337011, -0.2274498627312811, 0.25700235907942326, -0.7498841473288012, 0.9670972102872823, -0.11355026270974378, 0.5791166840478064, 0.5882371515831732, -0.27747685516513854, -0.167792120858004, 0.1685162562206428, 0.5203435476117149, -0.6243831891471687, -0.42366570437592865, 0.34043771632046815, -0.0007034772559750824, -0.6428626456729458, -0.17371739715068224, -0.6016095295898032, 0.06339880717407342, 0.6647414061359651, -0.6294981098559103, 0.9147184473425214, -0.1491706697109667, 0.008014078322874596, 0.02094189365189414, -0.9684170955763711, 0.4633801373352484, 0.9866100797816586, -0.6742449334604654, -0.7467304406183248, -0.250331630839858, 0.38643888840226137, -0.9941979396625802, -0.26154187548102836, -0.8826413488397749, 0.578672170048224, -0.3004615746000363, 0.40504743942751653, -0.017541845468242778, 0.9457446597376122, 0.6719357600650964, 0.22047466434640284, 0.12903795894907688, 0.9947782864417738, -0.49055172710823847, -0.971244285945351, -0.8219098655950123, 0.8779652010919079, 0.9469187987353844, -0.017036940337160633, -0.31812805669350275, 0.4457152358694667, -0.9782064752597015, 0.5199063552898913, 0.34280557242526144, -0.6191089486073558, 0.33292930513963404, 0.8222448031206269, -0.6757651484800478, 0.8211566327572386]",ga,sigmoid,True,True,1,"[5, 5]",0.001,10
30,30,9.561962600000015,0.5956034982200994,7789.0,100,True,0.1,250,"[-0.4759506499688366, -0.6826320556910688, -0.4437469610112805, -0.0813662255708667, -0.35799891895966574, 0.036785641195074215, -0.4761141488697107, 0.9521705697548672, 0.4656291053809647, -0.7694515466337011, -0.2274498627312811, 0.25700235907942326, -0.7498841473288012, 0.9670972102872823, -0.11355026270974378, 0.5791166840478064, 0.5882371515831732, -0.27747685516513854, -0.167792120858004, 0.1685162562206428, 0.5203435476117149, -0.6243831891471687, -0.42366570437592865, 0.34043771632046815, -0.0007034772559750824, -0.6428626456729458, -0.17371739715068224, -0.6016095295898032, 0.06339880717407342, 0.6647414061359651, -0.6294981098559103, 0.9147184473425214, -0.1491706697109667, 0.008014078322874596, 0.02094189365189414, -0.9684170955763711, 0.4633801373352484, 0.9866100797816586, -0.6742449334604654, -0.7467304406183248, -0.250331630839858, 0.38643888840226137, -0.9941979396625802, -0.26154187548102836, -0.8826413488397749, 0.578672170048224, -0.3004615746000363, 0.40504743942751653, -0.017541845468242778, 0.9457446597376122, 0.6719357600650964, 0.22047466434640284, 0.12903795894907688, 0.9947782864417738, -0.49055172710823847, -0.971244285945351, -0.8219098655950123, 0.8779652010919079, 0.9469187987353844, -0.017036940337160633, -0.31812805669350275, 0.4457152358694667, -0.9782064752597015, 0.5199063552898913, 0.34280557242526144, -0.6191089486073558, 0.33292930513963404, 0.8222448031206269, -0.6757651484800478, 0.8211566327572386]",ga,sigmoid,True,True,1,"[5, 5]",0.001,10
31,31,9.870925199999874,0.5956034982200994,8040.0,100,True,0.1,250,"[-0.4759506499688366, -0.6826320556910688, -0.4437469610112805, -0.0813662255708667, -0.35799891895966574, 0.036785641195074215, -0.4761141488697107, 0.9521705697548672, 0.4656291053809647, -0.7694515466337011, -0.2274498627312811, 0.25700235907942326, -0.7498841473288012, 0.9670972102872823, -0.11355026270974378, 0.5791166840478064, 0.5882371515831732, -0.27747685516513854, -0.167792120858004, 0.1685162562206428, 0.5203435476117149, -0.6243831891471687, -0.42366570437592865, 0.34043771632046815, -0.0007034772559750824, -0.6428626456729458, -0.17371739715068224, -0.6016095295898032, 0.06339880717407342, 0.6647414061359651, -0.6294981098559103, 0.9147184473425214, -0.1491706697109667, 0.008014078322874596, 0.02094189365189414, -0.9684170955763711, 0.4633801373352484, 0.9866100797816586, -0.6742449334604654, -0.7467304406183248, -0.250331630839858, 0.38643888840226137, -0.9941979396625802, -0.26154187548102836, -0.8826413488397749, 0.578672170048224, -0.3004615746000363, 0.40504743942751653, -0.017541845468242778, 0.9457446597376122, 0.6719357600650964, 0.22047466434640284, 0.12903795894907688, 0.9947782864417738, -0.49055172710823847, -0.971244285945351, -0.8219098655950123, 0.8779652010919079, 0.9469187987353844, -0.017036940337160633, -0.31812805669350275, 0.4457152358694667, -0.9782064752597015, 0.5199063552898913, 0.34280557242526144, -0.6191089486073558, 0.33292930513963404, 0.8222448031206269, -0.6757651484800478, 0.8211566327572386]",ga,sigmoid,True,True,1,"[5, 5]",0.001,10
32,32,10.177542700000004,0.5956034982200994,8291.0,100,True,0.1,250,"[-0.4759506499688366, -0.6826320556910688, -0.4437469610112805, -0.0813662255708667, -0.35799891895966574, 0.036785641195074215, -0.4761141488697107, 0.9521705697548672, 0.4656291053809647, -0.7694515466337011, -0.2274498627312811, 0.25700235907942326, -0.7498841473288012, 0.9670972102872823, -0.11355026270974378, 0.5791166840478064, 0.5882371515831732, -0.27747685516513854, -0.167792120858004, 0.1685162562206428, 0.5203435476117149, -0.6243831891471687, -0.42366570437592865, 0.34043771632046815, -0.0007034772559750824, -0.6428626456729458, -0.17371739715068224, -0.6016095295898032, 0.06339880717407342, 0.6647414061359651, -0.6294981098559103, 0.9147184473425214, -0.1491706697109667, 0.008014078322874596, 0.02094189365189414, -0.9684170955763711, 0.4633801373352484, 0.9866100797816586, -0.6742449334604654, -0.7467304406183248, -0.250331630839858, 0.38643888840226137, -0.9941979396625802, -0.26154187548102836, -0.8826413488397749, 0.578672170048224, -0.3004615746000363, 0.40504743942751653, -0.017541845468242778, 0.9457446597376122, 0.6719357600650964, 0.22047466434640284, 0.12903795894907688, 0.9947782864417738, -0.49055172710823847, -0.971244285945351, -0.8219098655950123, 0.8779652010919079, 0.9469187987353844, -0.017036940337160633, -0.31812805669350275, 0.4457152358694667, -0.9782064752597015, 0.5199063552898913, 0.34280557242526144, -0.6191089486073558, 0.33292930513963404, 0.8222448031206269, -0.6757651484800478, 0.8211566327572386]",ga,sigmoid,True,True,1,"[5, 5]",0.001,10
33,33,10.489390599999979,0.5956034982200994,8542.0,100,True,0.1,250,"[-0.4759506499688366, -0.6826320556910688, -0.4437469610112805, -0.0813662255708667, -0.35799891895966574, 0.036785641195074215, -0.4761141488697107, 0.9521705697548672, 0.4656291053809647, -0.7694515466337011, -0.2274498627312811, 0.25700235907942326, -0.7498841473288012, 0.9670972102872823, -0.11355026270974378, 0.5791166840478064, 0.5882371515831732, -0.27747685516513854, -0.167792120858004, 0.1685162562206428, 0.5203435476117149, -0.6243831891471687, -0.42366570437592865, 0.34043771632046815, -0.0007034772559750824, -0.6428626456729458, -0.17371739715068224, -0.6016095295898032, 0.06339880717407342, 0.6647414061359651, -0.6294981098559103, 0.9147184473425214, -0.1491706697109667, 0.008014078322874596, 0.02094189365189414, -0.9684170955763711, 0.4633801373352484, 0.9866100797816586, -0.6742449334604654, -0.7467304406183248, -0.250331630839858, 0.38643888840226137, -0.9941979396625802, -0.26154187548102836, -0.8826413488397749, 0.578672170048224, -0.3004615746000363, 0.40504743942751653, -0.017541845468242778, 0.9457446597376122, 0.6719357600650964, 0.22047466434640284, 0.12903795894907688, 0.9947782864417738, -0.49055172710823847, -0.971244285945351, -0.8219098655950123, 0.8779652010919079, 0.9469187987353844, -0.017036940337160633, -0.31812805669350275, 0.4457152358694667, -0.9782064752597015, 0.5199063552898913, 0.34280557242526144, -0.6191089486073558, 0.33292930513963404, 0.8222448031206269, -0.6757651484800478, 0.8211566327572386]",ga,sigmoid,True,True,1,"[5, 5]",0.001,10
34,34,10.799259799999845,0.5916761567414069,8794.0,100,True,0.1,250,"[-0.4759506499688366, -0.6826320556910688, -0.4437469610112805, -0.0813662255708667, -0.35799891895966574, 0.036785641195074215, -0.4761141488697107, 0.9521705697548672, 0.4656291053809647, -0.7694515466337011, -0.2274498627312811, 0.25700235907942326, -0.7498841473288012, 0.9670972102872823, -0.11355026270974378, 0.5791166840478064, 0.5882371515831732, -0.27747685516513854, -0.167792120858004, 0.1685162562206428, 0.5203435476117149, -0.6243831891471687, -0.42366570437592865, 0.34043771632046815, -0.0007034772559750824, -0.6428626456729458, -0.17371739715068224, -0.6016095295898032, 0.06339880717407342, 0.6647414061359651, -0.6294981098559103, 0.9147184473425214, -0.1491706697109667, 0.008014078322874596, 0.02094189365189414, -0.9684170955763711, 0.4633801373352484, 0.9866100797816586, -0.6742449334604654, -0.7467304406183248, -0.250331630839858, 0.38643888840226137, -0.9941979396625802, -0.26154187548102836, -0.8826413488397749, 0.578672170048224, -0.3004615746000363, 0.40504743942751653, -0.017541845468242778, 0.9457446597376122, 0.6719357600650964, 0.22047466434640284, 0.12903795894907688, 0.9947782864417738, -0.49055172710823847, -0.971244285945351, -0.8219098655950123, 0.8779652010919079, 0.9469187987353844, -0.017036940337160633, -0.31812805669350275, 0.4457152358694667, -0.9782064752597015, 0.5199063552898913, 0.34280557242526144, -0.6191089486073558, 0.33292930513963404, 0.8222448031206269, -0.6757651484800478, 0.8211566327572386]",ga,sigmoid,True,True,1,"[5, 5]",0.001,10
35,35,11.106082099999867,0.5916761567414069,9045.0,100,True,0.1,250,"[-0.4759506499688366, -0.6826320556910688, -0.4437469610112805, -0.0813662255708667, -0.35799891895966574, 0.036785641195074215, -0.4761141488697107, 0.9521705697548672, 0.4656291053809647, -0.7694515466337011, -0.2274498627312811, 0.25700235907942326, -0.7498841473288012, 0.9670972102872823, -0.11355026270974378, 0.5791166840478064, 0.5882371515831732, -0.27747685516513854, -0.167792120858004, 0.1685162562206428, 0.5203435476117149, -0.6243831891471687, -0.42366570437592865, 0.34043771632046815, -0.0007034772559750824, -0.6428626456729458, -0.17371739715068224, -0.6016095295898032, 0.06339880717407342, 0.6647414061359651, -0.6294981098559103, 0.9147184473425214, -0.1491706697109667, 0.008014078322874596, 0.02094189365189414, -0.9684170955763711, 0.4633801373352484, 0.9866100797816586, -0.6742449334604654, -0.7467304406183248, -0.250331630839858, 0.38643888840226137, -0.9941979396625802, -0.26154187548102836, -0.8826413488397749, 0.578672170048224, -0.3004615746000363, 0.40504743942751653, -0.017541845468242778, 0.9457446597376122, 0.6719357600650964, 0.22047466434640284, 0.12903795894907688, 0.9947782864417738, -0.49055172710823847, -0.971244285945351, -0.8219098655950123, 0.8779652010919079, 0.9469187987353844, -0.017036940337160633, -0.31812805669350275, 0.4457152358694667, -0.9782064752597015, 0.5199063552898913, 0.34280557242526144, -0.6191089486073558, 0.33292930513963404, 0.8222448031206269, -0.6757651484800478, 0.8211566327572386]",ga,sigmoid,True,True,1,"[5, 5]",0.001,10
36,36,11.41560789999994,0.5894865892436304,9297.0,100,True,0.1,250,"[-0.4759506499688366, -0.6826320556910688, -0.4437469610112805, -0.0813662255708667, -0.35799891895966574, 0.036785641195074215, -0.4761141488697107, 0.9521705697548672, 0.4656291053809647, -0.7694515466337011, -0.2274498627312811, 0.25700235907942326, -0.7498841473288012, 0.9670972102872823, -0.11355026270974378, 0.5791166840478064, 0.5882371515831732, -0.27747685516513854, -0.167792120858004, 0.1685162562206428, 0.5203435476117149, -0.6243831891471687, -0.42366570437592865, 0.34043771632046815, -0.0007034772559750824, -0.6428626456729458, -0.17371739715068224, -0.6016095295898032, 0.06339880717407342, 0.6647414061359651, -0.6294981098559103, 0.9147184473425214, -0.1491706697109667, 0.008014078322874596, 0.02094189365189414, -0.9684170955763711, 0.4633801373352484, 0.9866100797816586, -0.6742449334604654, -0.7467304406183248, -0.250331630839858, 0.38643888840226137, -0.9941979396625802, -0.26154187548102836, -0.8826413488397749, 0.578672170048224, -0.3004615746000363, 0.40504743942751653, -0.017541845468242778, 0.9457446597376122, 0.6719357600650964, 0.22047466434640284, 0.12903795894907688, 0.9947782864417738, -0.49055172710823847, -0.971244285945351, -0.8219098655950123, 0.8779652010919079, 0.9469187987353844, -0.017036940337160633, -0.31812805669350275, 0.4457152358694667, -0.9782064752597015, 0.5199063552898913, 0.34280557242526144, -0.6191089486073558, 0.33292930513963404, 0.8222448031206269, -0.6757651484800478, 0.8211566327572386]",ga,sigmoid,True,True,1,"[5, 5]",0.001,10
37,37,11.722229699999843,0.5875283360402204,9549.0,100,True,0.1,250,"[-0.4759506499688366, -0.6826320556910688, -0.4437469610112805, -0.0813662255708667, -0.35799891895966574, 0.036785641195074215, -0.4761141488697107, 0.9521705697548672, 0.4656291053809647, -0.7694515466337011, -0.2274498627312811, 0.25700235907942326, -0.7498841473288012, 0.9670972102872823, -0.11355026270974378, 0.5791166840478064, 0.5882371515831732, -0.27747685516513854, -0.167792120858004, 0.1685162562206428, 0.5203435476117149, -0.6243831891471687, -0.42366570437592865, 0.34043771632046815, -0.0007034772559750824, -0.6428626456729458, -0.17371739715068224, -0.6016095295898032, 0.06339880717407342, 0.6647414061359651, -0.6294981098559103, 0.9147184473425214, -0.1491706697109667, 0.008014078322874596, 0.02094189365189414, -0.9684170955763711, 0.4633801373352484, 0.9866100797816586, -0.6742449334604654, -0.7467304406183248, -0.250331630839858, 0.38643888840226137, -0.9941979396625802, -0.26154187548102836, -0.8826413488397749, 0.578672170048224, -0.3004615746000363, 0.40504743942751653, -0.017541845468242778, 0.9457446597376122, 0.6719357600650964, 0.22047466434640284, 0.12903795894907688, 0.9947782864417738, -0.49055172710823847, -0.971244285945351, -0.8219098655950123, 0.8779652010919079, 0.9469187987353844, -0.017036940337160633, -0.31812805669350275, 0.4457152358694667, -0.9782064752597015, 0.5199063552898913, 0.34280557242526144, -0.6191089486073558, 0.33292930513963404, 0.8222448031206269, -0.6757651484800478, 0.8211566327572386]",ga,sigmoid,True,True,1,"[5, 5]",0.001,10
38,38,12.029682200000025,0.5875283360402204,9800.0,100,True,0.1,250,"[-0.4759506499688366, -0.6826320556910688, -0.4437469610112805, -0.0813662255708667, -0.35799891895966574, 0.036785641195074215, -0.4761141488697107, 0.9521705697548672, 0.4656291053809647, -0.7694515466337011, -0.2274498627312811, 0.25700235907942326, -0.7498841473288012, 0.9670972102872823, -0.11355026270974378, 0.5791166840478064, 0.5882371515831732, -0.27747685516513854, -0.167792120858004, 0.1685162562206428, 0.5203435476117149, -0.6243831891471687, -0.42366570437592865, 0.34043771632046815, -0.0007034772559750824, -0.6428626456729458, -0.17371739715068224, -0.6016095295898032, 0.06339880717407342, 0.6647414061359651, -0.6294981098559103, 0.9147184473425214, -0.1491706697109667, 0.008014078322874596, 0.02094189365189414, -0.9684170955763711, 0.4633801373352484, 0.9866100797816586, -0.6742449334604654, -0.7467304406183248, -0.250331630839858, 0.38643888840226137, -0.9941979396625802, -0.26154187548102836, -0.8826413488397749, 0.578672170048224, -0.3004615746000363, 0.40504743942751653, -0.017541845468242778, 0.9457446597376122, 0.6719357600650964, 0.22047466434640284, 0.12903795894907688, 0.9947782864417738, -0.49055172710823847, -0.971244285945351, -0.8219098655950123, 0.8779652010919079, 0.9469187987353844, -0.017036940337160633, -0.31812805669350275, 0.4457152358694667, -0.9782064752597015, 0.5199063552898913, 0.34280557242526144, -0.6191089486073558, 0.33292930513963404, 0.8222448031206269, -0.6757651484800478, 0.8211566327572386]",ga,sigmoid,True,True,1,"[5, 5]",0.001,10
39,39,12.33613319999995,0.5875283360402204,10051.0,100,True,0.1,250,"[-0.4759506499688366, -0.6826320556910688, -0.4437469610112805, -0.0813662255708667, -0.35799891895966574, 0.036785641195074215, -0.4761141488697107, 0.9521705697548672, 0.4656291053809647, -0.7694515466337011, -0.2274498627312811, 0.25700235907942326, -0.7498841473288012, 0.9670972102872823, -0.11355026270974378, 0.5791166840478064, 0.5882371515831732, -0.27747685516513854, -0.167792120858004, 0.1685162562206428, 0.5203435476117149, -0.6243831891471687, -0.42366570437592865, 0.34043771632046815, -0.0007034772559750824, -0.6428626456729458, -0.17371739715068224, -0.6016095295898032, 0.06339880717407342, 0.6647414061359651, -0.6294981098559103, 0.9147184473425214, -0.1491706697109667, 0.008014078322874596, 0.02094189365189414, -0.9684170955763711, 0.4633801373352484, 0.9866100797816586, -0.6742449334604654, -0.7467304406183248, -0.250331630839858, 0.38643888840226137, -0.9941979396625802, -0.26154187548102836, -0.8826413488397749, 0.578672170048224, -0.3004615746000363, 0.40504743942751653, -0.017541845468242778, 0.9457446597376122, 0.6719357600650964, 0.22047466434640284, 0.12903795894907688, 0.9947782864417738, -0.49055172710823847, -0.971244285945351, -0.8219098655950123, 0.8779652010919079, 0.9469187987353844, -0.017036940337160633, -0.31812805669350275, 0.4457152358694667, -0.9782064752597015, 0.5199063552898913, 0.34280557242526144, -0.6191089486073558, 0.33292930513963404, 0.8222448031206269, -0.6757651484800478, 0.8211566327572386]",ga,sigmoid,True,True,1,"[5, 5]",0.001,10
40,40,12.645348199999944,0.5810785232506401,10303.0,100,True,0.1,250,"[-0.4759506499688366, -0.6826320556910688, -0.4437469610112805, -0.0813662255708667, -0.35799891895966574, 0.036785641195074215, -0.4761141488697107, 0.9521705697548672, 0.4656291053809647, -0.7694515466337011, -0.2274498627312811, 0.25700235907942326, -0.7498841473288012, 0.9670972102872823, -0.11355026270974378, 0.5791166840478064, 0.5882371515831732, -0.27747685516513854, -0.167792120858004, 0.1685162562206428, 0.5203435476117149, -0.6243831891471687, -0.42366570437592865, 0.34043771632046815, -0.0007034772559750824, -0.6428626456729458, -0.17371739715068224, -0.6016095295898032, 0.06339880717407342, 0.6647414061359651, -0.6294981098559103, 0.9147184473425214, -0.1491706697109667, 0.008014078322874596, 0.02094189365189414, -0.9684170955763711, 0.4633801373352484, 0.9866100797816586, -0.6742449334604654, -0.7467304406183248, -0.250331630839858, 0.38643888840226137, -0.9941979396625802, -0.26154187548102836, -0.8826413488397749, 0.578672170048224, -0.3004615746000363, 0.40504743942751653, -0.017541845468242778, 0.9457446597376122, 0.6719357600650964, 0.22047466434640284, 0.12903795894907688, 0.9947782864417738, -0.49055172710823847, -0.971244285945351, -0.8219098655950123, 0.8779652010919079, 0.9469187987353844, -0.017036940337160633, -0.31812805669350275, 0.4457152358694667, -0.9782064752597015, 0.5199063552898913, 0.34280557242526144, -0.6191089486073558, 0.33292930513963404, 0.8222448031206269, -0.6757651484800478, 0.8211566327572386]",ga,sigmoid,True,True,1,"[5, 5]",0.001,10
41,41,12.952677799999947,0.5613951181412082,10555.0,100,True,0.1,250,"[-0.4759506499688366, -0.6826320556910688, -0.4437469610112805, -0.0813662255708667, -0.35799891895966574, 0.036785641195074215, -0.4761141488697107, 0.9521705697548672, 0.4656291053809647, -0.7694515466337011, -0.2274498627312811, 0.25700235907942326, -0.7498841473288012, 0.9670972102872823, -0.11355026270974378, 0.5791166840478064, 0.5882371515831732, -0.27747685516513854, -0.167792120858004, 0.1685162562206428, 0.5203435476117149, -0.6243831891471687, -0.42366570437592865, 0.34043771632046815, -0.0007034772559750824, -0.6428626456729458, -0.17371739715068224, -0.6016095295898032, 0.06339880717407342, 0.6647414061359651, -0.6294981098559103, 0.9147184473425214, -0.1491706697109667, 0.008014078322874596, 0.02094189365189414, -0.9684170955763711, 0.4633801373352484, 0.9866100797816586, -0.6742449334604654, -0.7467304406183248, -0.250331630839858, 0.38643888840226137, -0.9941979396625802, -0.26154187548102836, -0.8826413488397749, 0.578672170048224, -0.3004615746000363, 0.40504743942751653, -0.017541845468242778, 0.9457446597376122, 0.6719357600650964, 0.22047466434640284, 0.12903795894907688, 0.9947782864417738, -0.49055172710823847, -0.971244285945351, -0.8219098655950123, 0.8779652010919079, 0.9469187987353844, -0.017036940337160633, -0.31812805669350275, 0.4457152358694667, -0.9782064752597015, 0.5199063552898913, 0.34280557242526144, -0.6191089486073558, 0.33292930513963404, 0.8222448031206269, -0.6757651484800478, 0.8211566327572386]",ga,sigmoid,True,True,1,"[5, 5]",0.001,10
42,42,13.259578499999861,0.5613951181412082,10806.0,100,True,0.1,250,"[-0.4759506499688366, -0.6826320556910688, -0.4437469610112805, -0.0813662255708667, -0.35799891895966574, 0.036785641195074215, -0.4761141488697107, 0.9521705697548672, 0.4656291053809647, -0.7694515466337011, -0.2274498627312811, 0.25700235907942326, -0.7498841473288012, 0.9670972102872823, -0.11355026270974378, 0.5791166840478064, 0.5882371515831732, -0.27747685516513854, -0.167792120858004, 0.1685162562206428, 0.5203435476117149, -0.6243831891471687, -0.42366570437592865, 0.34043771632046815, -0.0007034772559750824, -0.6428626456729458, -0.17371739715068224, -0.6016095295898032, 0.06339880717407342, 0.6647414061359651, -0.6294981098559103, 0.9147184473425214, -0.1491706697109667, 0.008014078322874596, 0.02094189365189414, -0.9684170955763711, 0.4633801373352484, 0.9866100797816586, -0.6742449334604654, -0.7467304406183248, -0.250331630839858, 0.38643888840226137, -0.9941979396625802, -0.26154187548102836, -0.8826413488397749, 0.578672170048224, -0.3004615746000363, 0.40504743942751653, -0.017541845468242778, 0.9457446597376122, 0.6719357600650964, 0.22047466434640284, 0.12903795894907688, 0.9947782864417738, -0.49055172710823847, -0.971244285945351, -0.8219098655950123, 0.8779652010919079, 0.9469187987353844, -0.017036940337160633, -0.31812805669350275, 0.4457152358694667, -0.9782064752597015, 0.5199063552898913, 0.34280557242526144, -0.6191089486073558, 0.33292930513963404, 0.8222448031206269, -0.6757651484800478, 0.8211566327572386]",ga,sigmoid,True,True,1,"[5, 5]",0.001,10
43,43,13.569525299999896,0.5613951181412082,11057.0,100,True,0.1,250,"[-0.4759506499688366, -0.6826320556910688, -0.4437469610112805, -0.0813662255708667, -0.35799891895966574, 0.036785641195074215, -0.4761141488697107, 0.9521705697548672, 0.4656291053809647, -0.7694515466337011, -0.2274498627312811, 0.25700235907942326, -0.7498841473288012, 0.9670972102872823, -0.11355026270974378, 0.5791166840478064, 0.5882371515831732, -0.27747685516513854, -0.167792120858004, 0.1685162562206428, 0.5203435476117149, -0.6243831891471687, -0.42366570437592865, 0.34043771632046815, -0.0007034772559750824, -0.6428626456729458, -0.17371739715068224, -0.6016095295898032, 0.06339880717407342, 0.6647414061359651, -0.6294981098559103, 0.9147184473425214, -0.1491706697109667, 0.008014078322874596, 0.02094189365189414, -0.9684170955763711, 0.4633801373352484, 0.9866100797816586, -0.6742449334604654, -0.7467304406183248, -0.250331630839858, 0.38643888840226137, -0.9941979396625802, -0.26154187548102836, -0.8826413488397749, 0.578672170048224, -0.3004615746000363, 0.40504743942751653, -0.017541845468242778, 0.9457446597376122, 0.6719357600650964, 0.22047466434640284, 0.12903795894907688, 0.9947782864417738, -0.49055172710823847, -0.971244285945351, -0.8219098655950123, 0.8779652010919079, 0.9469187987353844, -0.017036940337160633, -0.31812805669350275, 0.4457152358694667, -0.9782064752597015, 0.5199063552898913, 0.34280557242526144, -0.6191089486073558, 0.33292930513963404, 0.8222448031206269, -0.6757651484800478, 0.8211566327572386]",ga,sigmoid,True,True,1,"[5, 5]",0.001,10
44,44,13.876173199999812,0.5613951181412082,11308.0,100,True,0.1,250,"[-0.4759506499688366, -0.6826320556910688, -0.4437469610112805, -0.0813662255708667, -0.35799891895966574, 0.036785641195074215, -0.4761141488697107, 0.9521705697548672, 0.4656291053809647, -0.7694515466337011, -0.2274498627312811, 0.25700235907942326, -0.7498841473288012, 0.9670972102872823, -0.11355026270974378, 0.5791166840478064, 0.5882371515831732, -0.27747685516513854, -0.167792120858004, 0.1685162562206428, 0.5203435476117149, -0.6243831891471687, -0.42366570437592865, 0.34043771632046815, -0.0007034772559750824, -0.6428626456729458, -0.17371739715068224, -0.6016095295898032, 0.06339880717407342, 0.6647414061359651, -0.6294981098559103, 0.9147184473425214, -0.1491706697109667, 0.008014078322874596, 0.02094189365189414, -0.9684170955763711, 0.4633801373352484, 0.9866100797816586, -0.6742449334604654, -0.7467304406183248, -0.250331630839858, 0.38643888840226137, -0.9941979396625802, -0.26154187548102836, -0.8826413488397749, 0.578672170048224, -0.3004615746000363, 0.40504743942751653, -0.017541845468242778, 0.9457446597376122, 0.6719357600650964, 0.22047466434640284, 0.12903795894907688, 0.9947782864417738, -0.49055172710823847, -0.971244285945351, -0.8219098655950123, 0.8779652010919079, 0.9469187987353844, -0.017036940337160633, -0.31812805669350275, 0.4457152358694667, -0.9782064752597015, 0.5199063552898913, 0.34280557242526144, -0.6191089486073558, 0.33292930513963404, 0.8222448031206269, -0.6757651484800478, 0.8211566327572386]",ga,sigmoid,True,True,1,"[5, 5]",0.001,10
45,45,14.183739399999922,0.5613951181412082,11559.0,100,True,0.1,250,"[-0.4759506499688366, -0.6826320556910688, -0.4437469610112805, -0.0813662255708667, -0.35799891895966574, 0.036785641195074215, -0.4761141488697107, 0.9521705697548672, 0.4656291053809647, -0.7694515466337011, -0.2274498627312811, 0.25700235907942326, -0.7498841473288012, 0.9670972102872823, -0.11355026270974378, 0.5791166840478064, 0.5882371515831732, -0.27747685516513854, -0.167792120858004, 0.1685162562206428, 0.5203435476117149, -0.6243831891471687, -0.42366570437592865, 0.34043771632046815, -0.0007034772559750824, -0.6428626456729458, -0.17371739715068224, -0.6016095295898032, 0.06339880717407342, 0.6647414061359651, -0.6294981098559103, 0.9147184473425214, -0.1491706697109667, 0.008014078322874596, 0.02094189365189414, -0.9684170955763711, 0.4633801373352484, 0.9866100797816586, -0.6742449334604654, -0.7467304406183248, -0.250331630839858, 0.38643888840226137, -0.9941979396625802, -0.26154187548102836, -0.8826413488397749, 0.578672170048224, -0.3004615746000363, 0.40504743942751653, -0.017541845468242778, 0.9457446597376122, 0.6719357600650964, 0.22047466434640284, 0.12903795894907688, 0.9947782864417738, -0.49055172710823847, -0.971244285945351, -0.8219098655950123, 0.8779652010919079, 0.9469187987353844, -0.017036940337160633, -0.31812805669350275, 0.4457152358694667, -0.9782064752597015, 0.5199063552898913, 0.34280557242526144, -0.6191089486073558, 0.33292930513963404, 0.8222448031206269, -0.6757651484800478, 0.8211566327572386]",ga,sigmoid,True,True,1,"[5, 5]",0.001,10
46,46,14.492437199999813,0.5613951181412082,11810.0,100,True,0.1,250,"[-0.4759506499688366, -0.6826320556910688, -0.4437469610112805, -0.0813662255708667, -0.35799891895966574, 0.036785641195074215, -0.4761141488697107, 0.9521705697548672, 0.4656291053809647, -0.7694515466337011, -0.2274498627312811, 0.25700235907942326, -0.7498841473288012, 0.9670972102872823, -0.11355026270974378, 0.5791166840478064, 0.5882371515831732, -0.27747685516513854, -0.167792120858004, 0.1685162562206428, 0.5203435476117149, -0.6243831891471687, -0.42366570437592865, 0.34043771632046815, -0.0007034772559750824, -0.6428626456729458, -0.17371739715068224, -0.6016095295898032, 0.06339880717407342, 0.6647414061359651, -0.6294981098559103, 0.9147184473425214, -0.1491706697109667, 0.008014078322874596, 0.02094189365189414, -0.9684170955763711, 0.4633801373352484, 0.9866100797816586, -0.6742449334604654, -0.7467304406183248, -0.250331630839858, 0.38643888840226137, -0.9941979396625802, -0.26154187548102836, -0.8826413488397749, 0.578672170048224, -0.3004615746000363, 0.40504743942751653, -0.017541845468242778, 0.9457446597376122, 0.6719357600650964, 0.22047466434640284, 0.12903795894907688, 0.9947782864417738, -0.49055172710823847, -0.971244285945351, -0.8219098655950123, 0.8779652010919079, 0.9469187987353844, -0.017036940337160633, -0.31812805669350275, 0.4457152358694667, -0.9782064752597015, 0.5199063552898913, 0.34280557242526144, -0.6191089486073558, 0.33292930513963404, 0.8222448031206269, -0.6757651484800478, 0.8211566327572386]",ga,sigmoid,True,True,1,"[5, 5]",0.001,10
47,47,14.80042229999981,0.5613951181412082,12061.0,100,True,0.1,250,"[-0.4759506499688366, -0.6826320556910688, -0.4437469610112805, -0.0813662255708667, -0.35799891895966574, 0.036785641195074215, -0.4761141488697107, 0.9521705697548672, 0.4656291053809647, -0.7694515466337011, -0.2274498627312811, 0.25700235907942326, -0.7498841473288012, 0.9670972102872823, -0.11355026270974378, 0.5791166840478064, 0.5882371515831732, -0.27747685516513854, -0.167792120858004, 0.1685162562206428, 0.5203435476117149, -0.6243831891471687, -0.42366570437592865, 0.34043771632046815, -0.0007034772559750824, -0.6428626456729458, -0.17371739715068224, -0.6016095295898032, 0.06339880717407342, 0.6647414061359651, -0.6294981098559103, 0.9147184473425214, -0.1491706697109667, 0.008014078322874596, 0.02094189365189414, -0.9684170955763711, 0.4633801373352484, 0.9866100797816586, -0.6742449334604654, -0.7467304406183248, -0.250331630839858, 0.38643888840226137, -0.9941979396625802, -0.26154187548102836, -0.8826413488397749, 0.578672170048224, -0.3004615746000363, 0.40504743942751653, -0.017541845468242778, 0.9457446597376122, 0.6719357600650964, 0.22047466434640284, 0.12903795894907688, 0.9947782864417738, -0.49055172710823847, -0.971244285945351, -0.8219098655950123, 0.8779652010919079, 0.9469187987353844, -0.017036940337160633, -0.31812805669350275, 0.4457152358694667, -0.9782064752597015, 0.5199063552898913, 0.34280557242526144, -0.6191089486073558, 0.33292930513963404, 0.8222448031206269, -0.6757651484800478, 0.8211566327572386]",ga,sigmoid,True,True,1,"[5, 5]",0.001,10
48,48,15.10780469999986,0.5613951181412082,12312.0,100,True,0.1,250,"[-0.4759506499688366, -0.6826320556910688, -0.4437469610112805, -0.0813662255708667, -0.35799891895966574, 0.036785641195074215, -0.4761141488697107, 0.9521705697548672, 0.4656291053809647, -0.7694515466337011, -0.2274498627312811, 0.25700235907942326, -0.7498841473288012, 0.9670972102872823, -0.11355026270974378, 0.5791166840478064, 0.5882371515831732, -0.27747685516513854, -0.167792120858004, 0.1685162562206428, 0.5203435476117149, -0.6243831891471687, -0.42366570437592865, 0.34043771632046815, -0.0007034772559750824, -0.6428626456729458, -0.17371739715068224, -0.6016095295898032, 0.06339880717407342, 0.6647414061359651, -0.6294981098559103, 0.9147184473425214, -0.1491706697109667, 0.008014078322874596, 0.02094189365189414, -0.9684170955763711, 0.4633801373352484, 0.9866100797816586, -0.6742449334604654, -0.7467304406183248, -0.250331630839858, 0.38643888840226137, -0.9941979396625802, -0.26154187548102836, -0.8826413488397749, 0.578672170048224, -0.3004615746000363, 0.40504743942751653, -0.017541845468242778, 0.9457446597376122, 0.6719357600650964, 0.22047466434640284, 0.12903795894907688, 0.9947782864417738, -0.49055172710823847, -0.971244285945351, -0.8219098655950123, 0.8779652010919079, 0.9469187987353844, -0.017036940337160633, -0.31812805669350275, 0.4457152358694667, -0.9782064752597015, 0.5199063552898913, 0.34280557242526144, -0.6191089486073558, 0.33292930513963404, 0.8222448031206269, -0.6757651484800478, 0.8211566327572386]",ga,sigmoid,True,True,1,"[5, 5]",0.001,10
49,49,15.414672699999983,0.5613951181412082,12563.0,100,True,0.1,250,"[-0.4759506499688366, -0.6826320556910688, -0.4437469610112805, -0.0813662255708667, -0.35799891895966574, 0.036785641195074215, -0.4761141488697107, 0.9521705697548672, 0.4656291053809647, -0.7694515466337011, -0.2274498627312811, 0.25700235907942326, -0.7498841473288012, 0.9670972102872823, -0.11355026270974378, 0.5791166840478064, 0.5882371515831732, -0.27747685516513854, -0.167792120858004, 0.1685162562206428, 0.5203435476117149, -0.6243831891471687, -0.42366570437592865, 0.34043771632046815, -0.0007034772559750824, -0.6428626456729458, -0.17371739715068224, -0.6016095295898032, 0.06339880717407342, 0.6647414061359651, -0.6294981098559103, 0.9147184473425214, -0.1491706697109667, 0.008014078322874596, 0.02094189365189414, -0.9684170955763711, 0.4633801373352484, 0.9866100797816586, -0.6742449334604654, -0.7467304406183248, -0.250331630839858, 0.38643888840226137, -0.9941979396625802, -0.26154187548102836, -0.8826413488397749, 0.578672170048224, -0.3004615746000363, 0.40504743942751653, -0.017541845468242778, 0.9457446597376122, 0.6719357600650964, 0.22047466434640284, 0.12903795894907688, 0.9947782864417738, -0.49055172710823847, -0.971244285945351, -0.8219098655950123, 0.8779652010919079, 0.9469187987353844, -0.017036940337160633, -0.31812805669350275, 0.4457152358694667, -0.9782064752597015, 0.5199063552898913, 0.34280557242526144, -0.6191089486073558, 0.33292930513963404, 0.8222448031206269, -0.6757651484800478, 0.8211566327572386]",ga,sigmoid,True,True,1,"[5, 5]",0.001,10
50,50,15.723188599999958,0.5561353682595377,12815.0,100,True,0.1,250,"[-0.4759506499688366, -0.6826320556910688, -0.4437469610112805, -0.0813662255708667, -0.35799891895966574, 0.036785641195074215, -0.4761141488697107, 0.9521705697548672, 0.4656291053809647, -0.7694515466337011, -0.2274498627312811, 0.25700235907942326, -0.7498841473288012, 0.9670972102872823, -0.11355026270974378, 0.5791166840478064, 0.5882371515831732, -0.27747685516513854, -0.167792120858004, 0.1685162562206428, 0.5203435476117149, -0.6243831891471687, -0.42366570437592865, 0.34043771632046815, -0.0007034772559750824, -0.6428626456729458, -0.17371739715068224, -0.6016095295898032, 0.06339880717407342, 0.6647414061359651, -0.6294981098559103, 0.9147184473425214, -0.1491706697109667, 0.008014078322874596, 0.02094189365189414, -0.9684170955763711, 0.4633801373352484, 0.9866100797816586, -0.6742449334604654, -0.7467304406183248, -0.250331630839858, 0.38643888840226137, -0.9941979396625802, -0.26154187548102836, -0.8826413488397749, 0.578672170048224, -0.3004615746000363, 0.40504743942751653, -0.017541845468242778, 0.9457446597376122, 0.6719357600650964, 0.22047466434640284, 0.12903795894907688, 0.9947782864417738, -0.49055172710823847, -0.971244285945351, -0.8219098655950123, 0.8779652010919079, 0.9469187987353844, -0.017036940337160633, -0.31812805669350275, 0.4457152358694667, -0.9782064752597015, 0.5199063552898913, 0.34280557242526144, -0.6191089486073558, 0.33292930513963404, 0.8222448031206269, -0.6757651484800478, 0.8211566327572386]",ga,sigmoid,True,True,1,"[5, 5]",0.001,10
51,51,16.032027599999992,0.5561353682595377,13066.0,100,True,0.1,250,"[-0.4759506499688366, -0.6826320556910688, -0.4437469610112805, -0.0813662255708667, -0.35799891895966574, 0.036785641195074215, -0.4761141488697107, 0.9521705697548672, 0.4656291053809647, -0.7694515466337011, -0.2274498627312811, 0.25700235907942326, -0.7498841473288012, 0.9670972102872823, -0.11355026270974378, 0.5791166840478064, 0.5882371515831732, -0.27747685516513854, -0.167792120858004, 0.1685162562206428, 0.5203435476117149, -0.6243831891471687, -0.42366570437592865, 0.34043771632046815, -0.0007034772559750824, -0.6428626456729458, -0.17371739715068224, -0.6016095295898032, 0.06339880717407342, 0.6647414061359651, -0.6294981098559103, 0.9147184473425214, -0.1491706697109667, 0.008014078322874596, 0.02094189365189414, -0.9684170955763711, 0.4633801373352484, 0.9866100797816586, -0.6742449334604654, -0.7467304406183248, -0.250331630839858, 0.38643888840226137, -0.9941979396625802, -0.26154187548102836, -0.8826413488397749, 0.578672170048224, -0.3004615746000363, 0.40504743942751653, -0.017541845468242778, 0.9457446597376122, 0.6719357600650964, 0.22047466434640284, 0.12903795894907688, 0.9947782864417738, -0.49055172710823847, -0.971244285945351, -0.8219098655950123, 0.8779652010919079, 0.9469187987353844, -0.017036940337160633, -0.31812805669350275, 0.4457152358694667, -0.9782064752597015, 0.5199063552898913, 0.34280557242526144, -0.6191089486073558, 0.33292930513963404, 0.8222448031206269, -0.6757651484800478, 0.8211566327572386]",ga,sigmoid,True,True,1,"[5, 5]",0.001,10
52,52,16.339907999999923,0.5561353682595377,13317.0,100,True,0.1,250,"[-0.4759506499688366, -0.6826320556910688, -0.4437469610112805, -0.0813662255708667, -0.35799891895966574, 0.036785641195074215, -0.4761141488697107, 0.9521705697548672, 0.4656291053809647, -0.7694515466337011, -0.2274498627312811, 0.25700235907942326, -0.7498841473288012, 0.9670972102872823, -0.11355026270974378, 0.5791166840478064, 0.5882371515831732, -0.27747685516513854, -0.167792120858004, 0.1685162562206428, 0.5203435476117149, -0.6243831891471687, -0.42366570437592865, 0.34043771632046815, -0.0007034772559750824, -0.6428626456729458, -0.17371739715068224, -0.6016095295898032, 0.06339880717407342, 0.6647414061359651, -0.6294981098559103, 0.9147184473425214, -0.1491706697109667, 0.008014078322874596, 0.02094189365189414, -0.9684170955763711, 0.4633801373352484, 0.9866100797816586, -0.6742449334604654, -0.7467304406183248, -0.250331630839858, 0.38643888840226137, -0.9941979396625802, -0.26154187548102836, -0.8826413488397749, 0.578672170048224, -0.3004615746000363, 0.40504743942751653, -0.017541845468242778, 0.9457446597376122, 0.6719357600650964, 0.22047466434640284, 0.12903795894907688, 0.9947782864417738, -0.49055172710823847, -0.971244285945351, -0.8219098655950123, 0.8779652010919079, 0.9469187987353844, -0.017036940337160633, -0.31812805669350275, 0.4457152358694667, -0.9782064752597015, 0.5199063552898913, 0.34280557242526144, -0.6191089486073558, 0.33292930513963404, 0.8222448031206269, -0.6757651484800478, 0.8211566327572386]",ga,sigmoid,True,True,1,"[5, 5]",0.001,10
53,53,16.646506299999828,0.5561353682595377,13568.0,100,True,0.1,250,"[-0.4759506499688366, -0.6826320556910688, -0.4437469610112805, -0.0813662255708667, -0.35799891895966574, 0.036785641195074215, -0.4761141488697107, 0.9521705697548672, 0.4656291053809647, -0.7694515466337011, -0.2274498627312811, 0.25700235907942326, -0.7498841473288012, 0.9670972102872823, -0.11355026270974378, 0.5791166840478064, 0.5882371515831732, -0.27747685516513854, -0.167792120858004, 0.1685162562206428, 0.5203435476117149, -0.6243831891471687, -0.42366570437592865, 0.34043771632046815, -0.0007034772559750824, -0.6428626456729458, -0.17371739715068224, -0.6016095295898032, 0.06339880717407342, 0.6647414061359651, -0.6294981098559103, 0.9147184473425214, -0.1491706697109667, 0.008014078322874596, 0.02094189365189414, -0.9684170955763711, 0.4633801373352484, 0.9866100797816586, -0.6742449334604654, -0.7467304406183248, -0.250331630839858, 0.38643888840226137, -0.9941979396625802, -0.26154187548102836, -0.8826413488397749, 0.578672170048224, -0.3004615746000363, 0.40504743942751653, -0.017541845468242778, 0.9457446597376122, 0.6719357600650964, 0.22047466434640284, 0.12903795894907688, 0.9947782864417738, -0.49055172710823847, -0.971244285945351, -0.8219098655950123, 0.8779652010919079, 0.9469187987353844, -0.017036940337160633, -0.31812805669350275, 0.4457152358694667, -0.9782064752597015, 0.5199063552898913, 0.34280557242526144, -0.6191089486073558, 0.33292930513963404, 0.8222448031206269, -0.6757651484800478, 0.8211566327572386]",ga,sigmoid,True,True,1,"[5, 5]",0.001,10
54,54,16.953980199999933,0.5561353682595377,13819.0,100,True,0.1,250,"[-0.4759506499688366, -0.6826320556910688, -0.4437469610112805, -0.0813662255708667, -0.35799891895966574, 0.036785641195074215, -0.4761141488697107, 0.9521705697548672, 0.4656291053809647, -0.7694515466337011, -0.2274498627312811, 0.25700235907942326, -0.7498841473288012, 0.9670972102872823, -0.11355026270974378, 0.5791166840478064, 0.5882371515831732, -0.27747685516513854, -0.167792120858004, 0.1685162562206428, 0.5203435476117149, -0.6243831891471687, -0.42366570437592865, 0.34043771632046815, -0.0007034772559750824, -0.6428626456729458, -0.17371739715068224, -0.6016095295898032, 0.06339880717407342, 0.6647414061359651, -0.6294981098559103, 0.9147184473425214, -0.1491706697109667, 0.008014078322874596, 0.02094189365189414, -0.9684170955763711, 0.4633801373352484, 0.9866100797816586, -0.6742449334604654, -0.7467304406183248, -0.250331630839858, 0.38643888840226137, -0.9941979396625802, -0.26154187548102836, -0.8826413488397749, 0.578672170048224, -0.3004615746000363, 0.40504743942751653, -0.017541845468242778, 0.9457446597376122, 0.6719357600650964, 0.22047466434640284, 0.12903795894907688, 0.9947782864417738, -0.49055172710823847, -0.971244285945351, -0.8219098655950123, 0.8779652010919079, 0.9469187987353844, -0.017036940337160633, -0.31812805669350275, 0.4457152358694667, -0.9782064752597015, 0.5199063552898913, 0.34280557242526144, -0.6191089486073558, 0.33292930513963404, 0.8222448031206269, -0.6757651484800478, 0.8211566327572386]",ga,sigmoid,True,True,1,"[5, 5]",0.001,10
55,55,17.26118509999992,0.5561353682595377,14070.0,100,True,0.1,250,"[-0.4759506499688366, -0.6826320556910688, -0.4437469610112805, -0.0813662255708667, -0.35799891895966574, 0.036785641195074215, -0.4761141488697107, 0.9521705697548672, 0.4656291053809647, -0.7694515466337011, -0.2274498627312811, 0.25700235907942326, -0.7498841473288012, 0.9670972102872823, -0.11355026270974378, 0.5791166840478064, 0.5882371515831732, -0.27747685516513854, -0.167792120858004, 0.1685162562206428, 0.5203435476117149, -0.6243831891471687, -0.42366570437592865, 0.34043771632046815, -0.0007034772559750824, -0.6428626456729458, -0.17371739715068224, -0.6016095295898032, 0.06339880717407342, 0.6647414061359651, -0.6294981098559103, 0.9147184473425214, -0.1491706697109667, 0.008014078322874596, 0.02094189365189414, -0.9684170955763711, 0.4633801373352484, 0.9866100797816586, -0.6742449334604654, -0.7467304406183248, -0.250331630839858, 0.38643888840226137, -0.9941979396625802, -0.26154187548102836, -0.8826413488397749, 0.578672170048224, -0.3004615746000363, 0.40504743942751653, -0.017541845468242778, 0.9457446597376122, 0.6719357600650964, 0.22047466434640284, 0.12903795894907688, 0.9947782864417738, -0.49055172710823847, -0.971244285945351, -0.8219098655950123, 0.8779652010919079, 0.9469187987353844, -0.017036940337160633, -0.31812805669350275, 0.4457152358694667, -0.9782064752597015, 0.5199063552898913, 0.34280557242526144, -0.6191089486073558, 0.33292930513963404, 0.8222448031206269, -0.6757651484800478, 0.8211566327572386]",ga,sigmoid,True,True,1,"[5, 5]",0.001,10
56,56,17.56675180000002,0.5561353682595377,14321.0,100,True,0.1,250,"[-0.4759506499688366, -0.6826320556910688, -0.4437469610112805, -0.0813662255708667, -0.35799891895966574, 0.036785641195074215, -0.4761141488697107, 0.9521705697548672, 0.4656291053809647, -0.7694515466337011, -0.2274498627312811, 0.25700235907942326, -0.7498841473288012, 0.9670972102872823, -0.11355026270974378, 0.5791166840478064, 0.5882371515831732, -0.27747685516513854, -0.167792120858004, 0.1685162562206428, 0.5203435476117149, -0.6243831891471687, -0.42366570437592865, 0.34043771632046815, -0.0007034772559750824, -0.6428626456729458, -0.17371739715068224, -0.6016095295898032, 0.06339880717407342, 0.6647414061359651, -0.6294981098559103, 0.9147184473425214, -0.1491706697109667, 0.008014078322874596, 0.02094189365189414, -0.9684170955763711, 0.4633801373352484, 0.9866100797816586, -0.6742449334604654, -0.7467304406183248, -0.250331630839858, 0.38643888840226137, -0.9941979396625802, -0.26154187548102836, -0.8826413488397749, 0.578672170048224, -0.3004615746000363, 0.40504743942751653, -0.017541845468242778, 0.9457446597376122, 0.6719357600650964, 0.22047466434640284, 0.12903795894907688, 0.9947782864417738, -0.49055172710823847, -0.971244285945351, -0.8219098655950123, 0.8779652010919079, 0.9469187987353844, -0.017036940337160633, -0.31812805669350275, 0.4457152358694667, -0.9782064752597015, 0.5199063552898913, 0.34280557242526144, -0.6191089486073558, 0.33292930513963404, 0.8222448031206269, -0.6757651484800478, 0.8211566327572386]",ga,sigmoid,True,True,1,"[5, 5]",0.001,10
57,57,17.874984499999982,0.5561353682595377,14572.0,100,True,0.1,250,"[-0.4759506499688366, -0.6826320556910688, -0.4437469610112805, -0.0813662255708667, -0.35799891895966574, 0.036785641195074215, -0.4761141488697107, 0.9521705697548672, 0.4656291053809647, -0.7694515466337011, -0.2274498627312811, 0.25700235907942326, -0.7498841473288012, 0.9670972102872823, -0.11355026270974378, 0.5791166840478064, 0.5882371515831732, -0.27747685516513854, -0.167792120858004, 0.1685162562206428, 0.5203435476117149, -0.6243831891471687, -0.42366570437592865, 0.34043771632046815, -0.0007034772559750824, -0.6428626456729458, -0.17371739715068224, -0.6016095295898032, 0.06339880717407342, 0.6647414061359651, -0.6294981098559103, 0.9147184473425214, -0.1491706697109667, 0.008014078322874596, 0.02094189365189414, -0.9684170955763711, 0.4633801373352484, 0.9866100797816586, -0.6742449334604654, -0.7467304406183248, -0.250331630839858, 0.38643888840226137, -0.9941979396625802, -0.26154187548102836, -0.8826413488397749, 0.578672170048224, -0.3004615746000363, 0.40504743942751653, -0.017541845468242778, 0.9457446597376122, 0.6719357600650964, 0.22047466434640284, 0.12903795894907688, 0.9947782864417738, -0.49055172710823847, -0.971244285945351, -0.8219098655950123, 0.8779652010919079, 0.9469187987353844, -0.017036940337160633, -0.31812805669350275, 0.4457152358694667, -0.9782064752597015, 0.5199063552898913, 0.34280557242526144, -0.6191089486073558, 0.33292930513963404, 0.8222448031206269, -0.6757651484800478, 0.8211566327572386]",ga,sigmoid,True,True,1,"[5, 5]",0.001,10
58,58,18.18247009999982,0.5561353682595377,14823.0,100,True,0.1,250,"[-0.4759506499688366, -0.6826320556910688, -0.4437469610112805, -0.0813662255708667, -0.35799891895966574, 0.036785641195074215, -0.4761141488697107, 0.9521705697548672, 0.4656291053809647, -0.7694515466337011, -0.2274498627312811, 0.25700235907942326, -0.7498841473288012, 0.9670972102872823, -0.11355026270974378, 0.5791166840478064, 0.5882371515831732, -0.27747685516513854, -0.167792120858004, 0.1685162562206428, 0.5203435476117149, -0.6243831891471687, -0.42366570437592865, 0.34043771632046815, -0.0007034772559750824, -0.6428626456729458, -0.17371739715068224, -0.6016095295898032, 0.06339880717407342, 0.6647414061359651, -0.6294981098559103, 0.9147184473425214, -0.1491706697109667, 0.008014078322874596, 0.02094189365189414, -0.9684170955763711, 0.4633801373352484, 0.9866100797816586, -0.6742449334604654, -0.7467304406183248, -0.250331630839858, 0.38643888840226137, -0.9941979396625802, -0.26154187548102836, -0.8826413488397749, 0.578672170048224, -0.3004615746000363, 0.40504743942751653, -0.017541845468242778, 0.9457446597376122, 0.6719357600650964, 0.22047466434640284, 0.12903795894907688, 0.9947782864417738, -0.49055172710823847, -0.971244285945351, -0.8219098655950123, 0.8779652010919079, 0.9469187987353844, -0.017036940337160633, -0.31812805669350275, 0.4457152358694667, -0.9782064752597015, 0.5199063552898913, 0.34280557242526144, -0.6191089486073558, 0.33292930513963404, 0.8222448031206269, -0.6757651484800478, 0.8211566327572386]",ga,sigmoid,True,True,1,"[5, 5]",0.001,10
59,59,18.49098889999982,0.5561353682595377,15074.0,100,True,0.1,250,"[-0.4759506499688366, -0.6826320556910688, -0.4437469610112805, -0.0813662255708667, -0.35799891895966574, 0.036785641195074215, -0.4761141488697107, 0.9521705697548672, 0.4656291053809647, -0.7694515466337011, -0.2274498627312811, 0.25700235907942326, -0.7498841473288012, 0.9670972102872823, -0.11355026270974378, 0.5791166840478064, 0.5882371515831732, -0.27747685516513854, -0.167792120858004, 0.1685162562206428, 0.5203435476117149, -0.6243831891471687, -0.42366570437592865, 0.34043771632046815, -0.0007034772559750824, -0.6428626456729458, -0.17371739715068224, -0.6016095295898032, 0.06339880717407342, 0.6647414061359651, -0.6294981098559103, 0.9147184473425214, -0.1491706697109667, 0.008014078322874596, 0.02094189365189414, -0.9684170955763711, 0.4633801373352484, 0.9866100797816586, -0.6742449334604654, -0.7467304406183248, -0.250331630839858, 0.38643888840226137, -0.9941979396625802, -0.26154187548102836, -0.8826413488397749, 0.578672170048224, -0.3004615746000363, 0.40504743942751653, -0.017541845468242778, 0.9457446597376122, 0.6719357600650964, 0.22047466434640284, 0.12903795894907688, 0.9947782864417738, -0.49055172710823847, -0.971244285945351, -0.8219098655950123, 0.8779652010919079, 0.9469187987353844, -0.017036940337160633, -0.31812805669350275, 0.4457152358694667, -0.9782064752597015, 0.5199063552898913, 0.34280557242526144, -0.6191089486073558, 0.33292930513963404, 0.8222448031206269, -0.6757651484800478, 0.8211566327572386]",ga,sigmoid,True,True,1,"[5, 5]",0.001,10
60,60,18.797615899999983,0.5561353682595377,15325.0,100,True,0.1,250,"[-0.4759506499688366, -0.6826320556910688, -0.4437469610112805, -0.0813662255708667, -0.35799891895966574, 0.036785641195074215, -0.4761141488697107, 0.9521705697548672, 0.4656291053809647, -0.7694515466337011, -0.2274498627312811, 0.25700235907942326, -0.7498841473288012, 0.9670972102872823, -0.11355026270974378, 0.5791166840478064, 0.5882371515831732, -0.27747685516513854, -0.167792120858004, 0.1685162562206428, 0.5203435476117149, -0.6243831891471687, -0.42366570437592865, 0.34043771632046815, -0.0007034772559750824, -0.6428626456729458, -0.17371739715068224, -0.6016095295898032, 0.06339880717407342, 0.6647414061359651, -0.6294981098559103, 0.9147184473425214, -0.1491706697109667, 0.008014078322874596, 0.02094189365189414, -0.9684170955763711, 0.4633801373352484, 0.9866100797816586, -0.6742449334604654, -0.7467304406183248, -0.250331630839858, 0.38643888840226137, -0.9941979396625802, -0.26154187548102836, -0.8826413488397749, 0.578672170048224, -0.3004615746000363, 0.40504743942751653, -0.017541845468242778, 0.9457446597376122, 0.6719357600650964, 0.22047466434640284, 0.12903795894907688, 0.9947782864417738, -0.49055172710823847, -0.971244285945351, -0.8219098655950123, 0.8779652010919079, 0.9469187987353844, -0.017036940337160633, -0.31812805669350275, 0.4457152358694667, -0.9782064752597015, 0.5199063552898913, 0.34280557242526144, -0.6191089486073558, 0.33292930513963404, 0.8222448031206269, -0.6757651484800478, 0.8211566327572386]",ga,sigmoid,True,True,1,"[5, 5]",0.001,10
